{
  "id": "a4a9f01ccf96",
  "filename": "uploads_KM_folder_GenAI_Compliance_Assistant_for_Automotive_Lighting.pdf",
  "relative_path": "uploads_KM_folder_GenAI_Compliance_Assistant_for_Automotive_Lighting.pdf",
  "extension": ".pdf",
  "tags": {
    "domain": "Admin",
    "region": "Unknown",
    "client": "Unknown"
  },
  "file_size_bytes": 252595,
  "last_modified": "2025-11-13T16:29:19.926553",
  "page_count": 2,
  "content_length": 2341,
  "pdf_metadata": {
    "format": "PDF 1.7",
    "title": "",
    "author": "Singh, Parul",
    "subject": "",
    "keywords": "",
    "creator": "Microsoft® PowerPoint® for Microsoft 365",
    "producer": "Microsoft® PowerPoint® for Microsoft 365",
    "creationDate": "D:20250923144320+05'30'",
    "modDate": "D:20250923144320+05'30'",
    "trapped": "",
    "encryption": null
  },
  "hash": "a4a9f01ccf96ec14352e87ae678a298b",
  "language": "en",
  "ingested_at": "2025-11-13T10:59:22.951036+00:00",
  "content_preview": "GROUP PRIORITY – DATA & AI\nMAIN GROUP OFFER – DATA STRATEGY & \nGOVERNANCE\nSERVICE OFFERING – GENERATIVE AI FOR \nSTRATEGY\nSECTOR – AUTOMOTIVE\nGenAI Compliance \nassistant for lighting \nand signaling devices \n(UN Regulation 148)\nMarch 2024\n\n2\nCompany Confidential © Capgemini 2024. All rights reserved  |\nRegulatory Compliance Automation and Domain Specific Regulatory Q&A\nGenAI Compliance assistant for lighting and signaling devices \n(UN Regulation 148)\nClient Context: \n▪German premium automobile manufacturer with strong focus on delivering \nexceptional performance, cutting-edge technology, and sophisticated design\n▪Project focused on regulatory compliance check processes for car \ncomponents\nChallenges/Pain points: \n▪To date, clients’ employees spent huge amount of time manually comparing \nsupplier documents with regulatory requirements - side-by-side with \nsignificant time-allocations\n▪Highly inefficient process and not scalable\n▪Process relevant data is characterized by its high degree of complexity and \nvariance with respect to type and format of data\nGain points: \n▪Efficiency increase and time saving in process of regulatory compliance \nchecking\n▪Human augmentation in information extraction processes through AI and \nGenAI solutions\n▪Virtual assistance for domain experts to support them in faster information \ngathering\nApproach & Solution: \n▪Together with client we shaped, scoped and defined the GenAI Use Case\n▪Conceptualized and developed an end-2-end solution incorporating SO",
  "overview_summary": "GROUP PRIORITY – DATA & AI MAIN GROUP OFFER – DATA STRATEGY &  GOVERNANCE SERVICE OFFERING – GENERATIVE AI FOR  STRATEGY SECTOR – AUTOMOTIVE GenAI Compliance  assistant for lighting  and signaling devices  (UN Regulation 148) March 2024  2 Company Confidential © Capgemini 2024. All rights reserved  ...",
  "content_summary": {
    "summary": "GROUP PRIORITY – DATA & AI MAIN GROUP OFFER – DATA STRATEGY &  GOVERNANCE SERVICE OFFERING – GENERATIVE AI FOR  STRATEGY SECTOR – AUTOMOTIVE GenAI Compliance  assistant for lighting  and signaling devices  (UN Regulation 148) March 2024  2 Company Confidential © Capgemini 2024. All rights reserved  ...",
    "word_count": 314,
    "page_count": 2
  },
  "classification": {
    "document_type": "Unknown",
    "group_priority": "Low",
    "sector": "Manufacturing",
    "service_offerings": [
      "Support"
    ]
  },
  "industry_tags": {
    "industries": [
      "Manufacturing",
      "Technology",
      "Legal"
    ],
    "domains": [
      "an end-2-end solution",
      "DS&G",
      "regulations",
      "GOVERNANCE\nSERVICE OFFERING",
      "time",
      "strong focus",
      "variance",
      "Human augmentation",
      "Solution",
      "supplier documents"
    ]
  },
  "entities": {
    "clients": [
      "DATA & AI\n",
      "DS&G",
      "UN Regulation 148",
      "Challenges/Pain",
      "Approach & Solution",
      "MAIN GROUP OFFER"
    ],
    "products": [
      "DATA & AI\n",
      "DS&G",
      "UN Regulation 148",
      "Challenges/Pain",
      "Approach & Solution",
      "MAIN GROUP OFFER"
    ],
    "technologies": [],
    "partners": [
      "DATA & AI\n",
      "DS&G",
      "UN Regulation 148",
      "Challenges/Pain",
      "Approach & Solution",
      "MAIN GROUP OFFER"
    ]
  },
  "extraction_time_sec": 3.022
}