{
  "id": "a83b8f7ad059",
  "filename": "uploads_KM_folder_uploaded_KM_folder_uploaded_KM_folder_FirmX_MDM_Strategy.pdf",
  "relative_path": "uploads_KM_folder_uploaded_KM_folder_uploaded_KM_folder_FirmX_MDM_Strategy.pdf",
  "extension": ".pdf",
  "tags": {
    "domain": "Admin",
    "region": "Unknown",
    "client": "Unknown"
  },
  "file_size_bytes": 3217615,
  "last_modified": "2025-11-13T16:30:24.958143",
  "page_count": 41,
  "content_length": 44896,
  "pdf_metadata": {
    "format": "PDF 1.7",
    "title": "Powerpoint          Template",
    "author": "Capgemini",
    "subject": "Capgemini template",
    "keywords": "",
    "creator": "Microsoft® PowerPoint® for Microsoft 365",
    "producer": "Microsoft® PowerPoint® for Microsoft 365",
    "creationDate": "D:20250923161013+05'30'",
    "modDate": "D:20250923161013+05'30'",
    "trapped": "",
    "encryption": null
  },
  "hash": "a83b8f7ad059592c6d83211161a05f26",
  "language": "en",
  "ingested_at": "2025-11-13T11:00:39.568273+00:00",
  "content_preview": "August 2025\nMDM Strategy\nCAPGEMINI PROPOSAL\nFIRMX\n\nFirmX MDM Strategy | August 2025\n2\nCompany Confidential © Capgemini 2025. All rights reserved  |\nAGENDA\nWHY CAPGEMINI?\nAn overview of our capabilities\n1\nOUR UNDERSTANDING OF SCOPE\nFirmX’s current state challenges and vision for future\n2\nOUR APPROACH \nApproach, implementation timelines and deliverables, assumptions\n3\n4\n5\nTEAM STRUCTURE & COMMERCIALS\nTeam Structure, assumptions and pricing\n6\nSUCCESS STORIES\nCase studies and success stories\nAPPENDIX\n\nFirmX MDM Strategy | August 2025\n3\nCompany Confidential © Capgemini 2025. All rights reserved  |\nOUR UNDERSTANDING \nOF SCOPE\n1\n\nFirmX MDM Strategy | August 2025\n4\nCompany Confidential © Capgemini 2025. All rights reserved  |\nFIRMX’S VISION : FROM DATA SILOS TO OMNICHANNEL CUSTOMER EXPERIENCES\nHOW TO GUIDE FIRMX FROM TODAY TO WHERE FIRMX WANTS TO BE IN THE FUTURE\nStrategic intent to build a \nstrong  “Customer \nExperience”\nFoundational \nBuilding Block\n•\nSiloed guest experience \nacross business lines.\n•\nLimited personalization \nability.\n•\nLimited ability to derive \nactionable  insights.\n•\nDisconnected Customer \njourneys across \ntouchpoints\n•\nMissed opportunities \nfor cross-selling and \npersonalization.\nData Transformation –\nFoundational MDM Setup\n•\nCentralized & Governed \nData Platform to break \ndown data silos across \nbusiness units.\n•\nImproved Data Quality & \nConsistency via \nstandardized definitions, \nstewardship, and \nautomated validations.\nBusiness Transformation –\nData Driven Cus",
  "overview_summary": "August 2025 MDM Strategy CAPGEMINI PROPOSAL FIRMX  FirmX MDM Strategy | August 2025 2 Company Confidential © Capgemini 2025. All rights reserved  | AGENDA WHY CAPGEMINI? An overview of our capabilities 1 OUR UNDERSTANDING OF SCOPE FirmX’s current state challenges and vision for future 2 OUR APPROACH...",
  "content_summary": {
    "summary": "August 2025 MDM Strategy CAPGEMINI PROPOSAL FIRMX  FirmX MDM Strategy | August 2025 2 Company Confidential © Capgemini 2025. All rights reserved  | AGENDA WHY CAPGEMINI? An overview of our capabilities 1 OUR UNDERSTANDING OF SCOPE FirmX’s current state challenges and vision for future 2 OUR APPROACH...",
    "word_count": 6415,
    "page_count": 41
  },
  "classification": {
    "document_type": "Case Study",
    "group_priority": "Medium",
    "sector": "Retail",
    "service_offerings": [
      "Consulting",
      "Implementation",
      "Support"
    ]
  },
  "industry_tags": {
    "industries": [
      "Retail",
      "Manufacturing",
      "Finance",
      "Technology"
    ],
    "domains": [
      "standards",
      "Gaps",
      "Access",
      "Top 3 Banking",
      "conversion rates",
      "Cost \nEstimates",
      "Architects",
      "Consumer Products",
      "▪Poor measurement",
      "ingestion feeds"
    ]
  },
  "entities": {
    "clients": [
      "BCG",
      "SCALE & INDUSTRIALIZE",
      "Data, Analytics",
      "EDW",
      "Data & \nAnalytics",
      "MDM Strategy\nCAPGEMINI PROPOSAL\nFIRMX",
      "Visualization\nData Exploration & \nSearch\nAnalytics & Dashboards",
      "Data \nGovernance",
      "GOVERNANCE & MDM",
      "APAC & LATAM\n",
      "CoE",
      "Strong Data Governance",
      "KEY",
      "Data Governance",
      "MDM \nFoundation \nStage 2",
      "• Unified",
      "Data",
      "Data \nIngestion\nData Landing Zone\nRaw Data Files\nBatch Ingestion\nStreaming \nIngestion\nData Lake, Data Hub",
      "Databricks implementation &",
      "Global Master Data BI",
      "POC",
      "Arrange",
      "Summarize & \nalign",
      "Chick-Fil-A\n",
      "Strategic Alliances & Partners",
      "Connect Programme",
      "Delivery Team\n•\n",
      "STRATEGY & IMPLEMENTATION OF MDM HUB - APPAREL",
      "Data Governance\nDeliverables\nAssess Data Inventory\nAssess Risk",
      "Consistency",
      "GROUP",
      "Training & Enablement",
      "CAPGEMINI & DATABRICKS",
      "Master \nData Management",
      "Omnichannel",
      "DQ & MDM",
      "Databricks Academy",
      "Databricks\nTools & \nTechnologies \nUtilized:",
      "Establish Metrics",
      "Consumer Products and Retail, Financial Services",
      "Data and Analytics",
      "Excel",
      "Product & Organization",
      "• Finalize",
      "Define \nSources-",
      "Target",
      "MDM / Data Trust",
      "• Delivered",
      "Context/Market Positioning & Competition",
      "Finalize\nCurrent State  \nBaselining \nEvolve & Optimize \nDesign and Align Future Architecture\nTimelines\nActivities\nEstablish",
      "MDM Strategy",
      "Evaluate MDM",
      "Business Transformation",
      "Data \nTransformation\nData \nEnrichment\nData \nCuration\nAI",
      "• Comparative",
      "Comparison",
      "FIRMX",
      "Foundational MDM Setup",
      "Customer Description\nData &\nAnalytics \nStrategy\nData\nGovernance \nStrategy\nData \nManagement \nInitiatives\nCloud\nImplementations\nAzure & \nDatabricks \nImplementations\nImproving",
      "• Need",
      "Performance \nMeasures",
      "Data Quality",
      "Varied",
      "Delivery of Data",
      "Timeframes & Success Criteria\nSolutioning & Closure\nStage 0",
      "DevOps Accelerator",
      "Improved Data Quality & \n",
      "Data Transformation",
      "global & cross",
      "Describe",
      "Current State",
      "CDE’s",
      "Automotive & \nLifesciences\nConsumer \nGoods & \nRetail\nPublic \nSector\nEnergy & \nUtilities\nTelco",
      "Lineage & Catalog",
      "Develop",
      "Teradata EDW  & BODS",
      "3rd Party",
      "Reviews",
      "MDM",
      "Customer 360",
      "Identify Data Owners/ \nData Stewards (Analytics \nChampions",
      "AIE",
      "Gartner Magic \nQuadrant for Data & Analytics",
      "Investment & Delivery Team\nTotal Engagement",
      "GLOBAL MDM STRATEGY DEVELOPMENT FOR",
      "UNIFY DATA \n& ANALYTICS FOR DRIVING BUSINESS",
      "Discovery",
      "Segment Data",
      "IMPROVING MARKETING EFFICIENCY",
      "• Stakeholder Identification",
      "MDM Technical Architect\n•\nBusiness",
      "Delivery Milestone\nPrice",
      "BI",
      "MVP",
      "Microsoft",
      "Finalize POC & DQ Success Criteria\nWeightage",
      "Core & Extended",
      "Planning & Discovery\n• Evaluate",
      "Operational Data Store",
      "Consolidated Data Quality",
      "CHALLENGES",
      "Spark Data Processing \nAccelerator",
      "RACI",
      "SME",
      "• Fragmented",
      "Data driven culture &",
      "cluster \n& prioritize \n",
      "Phase 0\n",
      "Data & Analytics",
      "Scorecard & \nPOV Document\n•\nRefined POC Plan with",
      "Business Intelligence (BI",
      "VISION & OBJECTIVE\n▪Understanding",
      "Constellation Research Inc.",
      "MDM Roadmap",
      "Insight & Data",
      "Media                   \n& Technology\nServices",
      "LOYALTY & CRM",
      "Trusted Data & Analytics Platform Capability Definition\nTech Debt Deep \nDive\nDesired Technical \nCapability Definition\nData",
      "Geo",
      "Data Trust",
      "BI & \nVisualization\nMicroservices \nAI",
      "Diversity",
      "Approach & Solution",
      "Workshop Summary & DQ/Governance \nLandscape Report\n•\nList",
      "Challenges\nIdentify Gaps",
      "Finalize",
      "• Refined Tool Recommendation\n• Refined POC Plan",
      "Offshore MDM Center of Excellence",
      "• Evaluate MDM",
      "AI & Data Strategy",
      "Operations & \nEngineering\nApplications \n& Technology\nFinancial \nServices\nManufacturing",
      "Business Transformation\nEmbark",
      "OLA",
      "PILLAR",
      "Solution Offerings",
      "Data Engine",
      "FSCV",
      "Dedicated Consulting Advisory Group",
      "Capgemini Research \nInstitute\nRanked",
      "• Develop",
      "Kalido MDM",
      "Improve",
      "Remove Test Data",
      "DQ & \n",
      "Data & \nAnalytics \nSteering\nCommittee\nBusiness Sponsors\nMDM Architect\nBusiness",
      "▪Review",
      "Informatica MDM",
      "Data  Management Tool Recommendations",
      "MDM Domain",
      "Digital Inclusion",
      "Energy and Utilities",
      "Timeframes & Success Criteria\n•\n",
      "Data Owner\n\n\n",
      "Seminars &",
      "ANALYTICS & BI",
      "Data Quality Management\n▪Master Data Management\n▪Reference Data \nManagement\n▪Metadata Management\n▪Data Streaming",
      "COMMERCIALS FOR ASSESSMENT & MVP",
      "POC Features",
      "MDM Tool Comparison Scorecard & Evaluation Report\n•\nHigh-Level Implementation Roadmap & POC Definition \nDocument\n•\n",
      "Transformat",
      "STRATEGY & ROADMAP",
      "Performance \nMetrics for Leaders\n▪Identify Quality Metrics",
      "EDW\nData Centricity - Data Services",
      "Talent Transformation \nAssets & Accelerators",
      "Master Data \nManagement",
      "AI & Analytics",
      "Identify Pilot Group",
      "Train Stewards",
      "CDE",
      "• Limited BI",
      "• Collaborative",
      "CG Center of Excellence",
      "Data Factory Setup",
      "OBJECTIVES",
      "KPI",
      "BROAD",
      "DevOps SME & \nMisc",
      "DATA & ANALYTICS \nDIRECTOR\nBUSINESS",
      "Life \nSciences",
      "Application - Data Services\nTraditional BI Reporting\nData Modeling",
      "Dedicated Capgemini COE’s",
      "Consolidated",
      "SAP MDM",
      "App",
      "DBA",
      "• Enhanced BI",
      "Finalize Evaluation Template\nPOC Exercise Execution",
      "Finalize POC Scoring for Demo\nPrepare Recommendation",
      "Governance Practices\n▪Implement Performance \nMeasures"
    ],
    "products": [
      "BCG",
      "SCALE & INDUSTRIALIZE",
      "Data, Analytics",
      "EDW",
      "Data & \nAnalytics",
      "MDM Strategy\nCAPGEMINI PROPOSAL\nFIRMX",
      "Visualization\nData Exploration & \nSearch\nAnalytics & Dashboards",
      "Data \nGovernance",
      "GOVERNANCE & MDM",
      "APAC & LATAM\n",
      "CoE",
      "Strong Data Governance",
      "KEY",
      "Data Governance",
      "MDM \nFoundation \nStage 2",
      "• Unified",
      "Data",
      "Data \nIngestion\nData Landing Zone\nRaw Data Files\nBatch Ingestion\nStreaming \nIngestion\nData Lake, Data Hub",
      "Databricks implementation &",
      "Global Master Data BI",
      "POC",
      "Arrange",
      "Summarize & \nalign",
      "Chick-Fil-A\n",
      "Strategic Alliances & Partners",
      "Connect Programme",
      "Delivery Team\n•\n",
      "STRATEGY & IMPLEMENTATION OF MDM HUB - APPAREL",
      "Data Governance\nDeliverables\nAssess Data Inventory\nAssess Risk",
      "Consistency",
      "GROUP",
      "Training & Enablement",
      "CAPGEMINI & DATABRICKS",
      "Master \nData Management",
      "Omnichannel",
      "DQ & MDM",
      "Databricks Academy",
      "Databricks\nTools & \nTechnologies \nUtilized:",
      "Establish Metrics",
      "Consumer Products and Retail, Financial Services",
      "Data and Analytics",
      "Excel",
      "Product & Organization",
      "• Finalize",
      "Define \nSources-",
      "Target",
      "MDM / Data Trust",
      "• Delivered",
      "Context/Market Positioning & Competition",
      "Finalize\nCurrent State  \nBaselining \nEvolve & Optimize \nDesign and Align Future Architecture\nTimelines\nActivities\nEstablish",
      "MDM Strategy",
      "Evaluate MDM",
      "Business Transformation",
      "Data \nTransformation\nData \nEnrichment\nData \nCuration\nAI",
      "• Comparative",
      "Comparison",
      "FIRMX",
      "Foundational MDM Setup",
      "Customer Description\nData &\nAnalytics \nStrategy\nData\nGovernance \nStrategy\nData \nManagement \nInitiatives\nCloud\nImplementations\nAzure & \nDatabricks \nImplementations\nImproving",
      "• Need",
      "Performance \nMeasures",
      "Data Quality",
      "Varied",
      "Delivery of Data",
      "Timeframes & Success Criteria\nSolutioning & Closure\nStage 0",
      "DevOps Accelerator",
      "Improved Data Quality & \n",
      "Data Transformation",
      "global & cross",
      "Describe",
      "Current State",
      "CDE’s",
      "Automotive & \nLifesciences\nConsumer \nGoods & \nRetail\nPublic \nSector\nEnergy & \nUtilities\nTelco",
      "Lineage & Catalog",
      "Develop",
      "Teradata EDW  & BODS",
      "3rd Party",
      "Reviews",
      "MDM",
      "Customer 360",
      "Identify Data Owners/ \nData Stewards (Analytics \nChampions",
      "AIE",
      "Gartner Magic \nQuadrant for Data & Analytics",
      "Investment & Delivery Team\nTotal Engagement",
      "GLOBAL MDM STRATEGY DEVELOPMENT FOR",
      "UNIFY DATA \n& ANALYTICS FOR DRIVING BUSINESS",
      "Discovery",
      "Segment Data",
      "IMPROVING MARKETING EFFICIENCY",
      "• Stakeholder Identification",
      "MDM Technical Architect\n•\nBusiness",
      "Delivery Milestone\nPrice",
      "BI",
      "MVP",
      "Microsoft",
      "Finalize POC & DQ Success Criteria\nWeightage",
      "Core & Extended",
      "Planning & Discovery\n• Evaluate",
      "Operational Data Store",
      "Consolidated Data Quality",
      "CHALLENGES",
      "Spark Data Processing \nAccelerator",
      "RACI",
      "SME",
      "• Fragmented",
      "Data driven culture &",
      "cluster \n& prioritize \n",
      "Phase 0\n",
      "Data & Analytics",
      "Scorecard & \nPOV Document\n•\nRefined POC Plan with",
      "Business Intelligence (BI",
      "VISION & OBJECTIVE\n▪Understanding",
      "Constellation Research Inc.",
      "MDM Roadmap",
      "Insight & Data",
      "Media                   \n& Technology\nServices",
      "LOYALTY & CRM",
      "Trusted Data & Analytics Platform Capability Definition\nTech Debt Deep \nDive\nDesired Technical \nCapability Definition\nData",
      "Geo",
      "Data Trust",
      "BI & \nVisualization\nMicroservices \nAI",
      "Diversity",
      "Approach & Solution",
      "Workshop Summary & DQ/Governance \nLandscape Report\n•\nList",
      "Challenges\nIdentify Gaps",
      "Finalize",
      "• Refined Tool Recommendation\n• Refined POC Plan",
      "Offshore MDM Center of Excellence",
      "• Evaluate MDM",
      "AI & Data Strategy",
      "Operations & \nEngineering\nApplications \n& Technology\nFinancial \nServices\nManufacturing",
      "Business Transformation\nEmbark",
      "OLA",
      "PILLAR",
      "Solution Offerings",
      "Data Engine",
      "FSCV",
      "Dedicated Consulting Advisory Group",
      "Capgemini Research \nInstitute\nRanked",
      "• Develop",
      "Kalido MDM",
      "Improve",
      "Remove Test Data",
      "DQ & \n",
      "Data & \nAnalytics \nSteering\nCommittee\nBusiness Sponsors\nMDM Architect\nBusiness",
      "▪Review",
      "Informatica MDM",
      "Data  Management Tool Recommendations",
      "MDM Domain",
      "Digital Inclusion",
      "Energy and Utilities",
      "Timeframes & Success Criteria\n•\n",
      "Data Owner\n\n\n",
      "Seminars &",
      "ANALYTICS & BI",
      "Data Quality Management\n▪Master Data Management\n▪Reference Data \nManagement\n▪Metadata Management\n▪Data Streaming",
      "COMMERCIALS FOR ASSESSMENT & MVP",
      "POC Features",
      "MDM Tool Comparison Scorecard & Evaluation Report\n•\nHigh-Level Implementation Roadmap & POC Definition \nDocument\n•\n",
      "Transformat",
      "STRATEGY & ROADMAP",
      "Performance \nMetrics for Leaders\n▪Identify Quality Metrics",
      "EDW\nData Centricity - Data Services",
      "Talent Transformation \nAssets & Accelerators",
      "Master Data \nManagement",
      "AI & Analytics",
      "Identify Pilot Group",
      "Train Stewards",
      "CDE",
      "• Limited BI",
      "• Collaborative",
      "CG Center of Excellence",
      "Data Factory Setup",
      "OBJECTIVES",
      "KPI",
      "BROAD",
      "DevOps SME & \nMisc",
      "DATA & ANALYTICS \nDIRECTOR\nBUSINESS",
      "Life \nSciences",
      "Application - Data Services\nTraditional BI Reporting\nData Modeling",
      "Dedicated Capgemini COE’s",
      "Consolidated",
      "SAP MDM",
      "App",
      "DBA",
      "• Enhanced BI",
      "Finalize Evaluation Template\nPOC Exercise Execution",
      "Finalize POC Scoring for Demo\nPrepare Recommendation",
      "Governance Practices\n▪Implement Performance \nMeasures"
    ],
    "technologies": [
      "Azure"
    ],
    "partners": [
      "BCG",
      "SCALE & INDUSTRIALIZE",
      "Data, Analytics",
      "EDW",
      "Data & \nAnalytics",
      "MDM Strategy\nCAPGEMINI PROPOSAL\nFIRMX",
      "Visualization\nData Exploration & \nSearch\nAnalytics & Dashboards",
      "Data \nGovernance",
      "GOVERNANCE & MDM",
      "APAC & LATAM\n",
      "CoE",
      "Strong Data Governance",
      "KEY",
      "Data Governance",
      "MDM \nFoundation \nStage 2",
      "• Unified",
      "Data",
      "Data \nIngestion\nData Landing Zone\nRaw Data Files\nBatch Ingestion\nStreaming \nIngestion\nData Lake, Data Hub",
      "Databricks implementation &",
      "Global Master Data BI",
      "POC",
      "Arrange",
      "Summarize & \nalign",
      "Chick-Fil-A\n",
      "Strategic Alliances & Partners",
      "Connect Programme",
      "Delivery Team\n•\n",
      "STRATEGY & IMPLEMENTATION OF MDM HUB - APPAREL",
      "Data Governance\nDeliverables\nAssess Data Inventory\nAssess Risk",
      "Consistency",
      "GROUP",
      "Training & Enablement",
      "CAPGEMINI & DATABRICKS",
      "Master \nData Management",
      "Omnichannel",
      "DQ & MDM",
      "Databricks Academy",
      "Databricks\nTools & \nTechnologies \nUtilized:",
      "Establish Metrics",
      "Consumer Products and Retail, Financial Services",
      "Data and Analytics",
      "Excel",
      "Product & Organization",
      "• Finalize",
      "Define \nSources-",
      "Target",
      "MDM / Data Trust",
      "• Delivered",
      "Context/Market Positioning & Competition",
      "Finalize\nCurrent State  \nBaselining \nEvolve & Optimize \nDesign and Align Future Architecture\nTimelines\nActivities\nEstablish",
      "MDM Strategy",
      "Evaluate MDM",
      "Business Transformation",
      "Data \nTransformation\nData \nEnrichment\nData \nCuration\nAI",
      "• Comparative",
      "Comparison",
      "FIRMX",
      "Foundational MDM Setup",
      "Customer Description\nData &\nAnalytics \nStrategy\nData\nGovernance \nStrategy\nData \nManagement \nInitiatives\nCloud\nImplementations\nAzure & \nDatabricks \nImplementations\nImproving",
      "• Need",
      "Performance \nMeasures",
      "Data Quality",
      "Varied",
      "Delivery of Data",
      "Timeframes & Success Criteria\nSolutioning & Closure\nStage 0",
      "DevOps Accelerator",
      "Improved Data Quality & \n",
      "Data Transformation",
      "global & cross",
      "Describe",
      "Current State",
      "CDE’s",
      "Automotive & \nLifesciences\nConsumer \nGoods & \nRetail\nPublic \nSector\nEnergy & \nUtilities\nTelco",
      "Lineage & Catalog",
      "Develop",
      "Teradata EDW  & BODS",
      "3rd Party",
      "Reviews",
      "MDM",
      "Customer 360",
      "Identify Data Owners/ \nData Stewards (Analytics \nChampions",
      "AIE",
      "Gartner Magic \nQuadrant for Data & Analytics",
      "Investment & Delivery Team\nTotal Engagement",
      "GLOBAL MDM STRATEGY DEVELOPMENT FOR",
      "UNIFY DATA \n& ANALYTICS FOR DRIVING BUSINESS",
      "Discovery",
      "Segment Data",
      "IMPROVING MARKETING EFFICIENCY",
      "• Stakeholder Identification",
      "MDM Technical Architect\n•\nBusiness",
      "Delivery Milestone\nPrice",
      "BI",
      "MVP",
      "Microsoft",
      "Finalize POC & DQ Success Criteria\nWeightage",
      "Core & Extended",
      "Planning & Discovery\n• Evaluate",
      "Operational Data Store",
      "Consolidated Data Quality",
      "CHALLENGES",
      "Spark Data Processing \nAccelerator",
      "RACI",
      "SME",
      "• Fragmented",
      "Data driven culture &",
      "cluster \n& prioritize \n",
      "Phase 0\n",
      "Data & Analytics",
      "Scorecard & \nPOV Document\n•\nRefined POC Plan with",
      "Business Intelligence (BI",
      "VISION & OBJECTIVE\n▪Understanding",
      "Constellation Research Inc.",
      "MDM Roadmap",
      "Insight & Data",
      "Media                   \n& Technology\nServices",
      "LOYALTY & CRM",
      "Trusted Data & Analytics Platform Capability Definition\nTech Debt Deep \nDive\nDesired Technical \nCapability Definition\nData",
      "Geo",
      "Data Trust",
      "BI & \nVisualization\nMicroservices \nAI",
      "Diversity",
      "Approach & Solution",
      "Workshop Summary & DQ/Governance \nLandscape Report\n•\nList",
      "Challenges\nIdentify Gaps",
      "Finalize",
      "• Refined Tool Recommendation\n• Refined POC Plan",
      "Offshore MDM Center of Excellence",
      "• Evaluate MDM",
      "AI & Data Strategy",
      "Operations & \nEngineering\nApplications \n& Technology\nFinancial \nServices\nManufacturing",
      "Business Transformation\nEmbark",
      "OLA",
      "PILLAR",
      "Solution Offerings",
      "Data Engine",
      "FSCV",
      "Dedicated Consulting Advisory Group",
      "Capgemini Research \nInstitute\nRanked",
      "• Develop",
      "Kalido MDM",
      "Improve",
      "Remove Test Data",
      "DQ & \n",
      "Data & \nAnalytics \nSteering\nCommittee\nBusiness Sponsors\nMDM Architect\nBusiness",
      "▪Review",
      "Informatica MDM",
      "Data  Management Tool Recommendations",
      "MDM Domain",
      "Digital Inclusion",
      "Energy and Utilities",
      "Timeframes & Success Criteria\n•\n",
      "Data Owner\n\n\n",
      "Seminars &",
      "ANALYTICS & BI",
      "Data Quality Management\n▪Master Data Management\n▪Reference Data \nManagement\n▪Metadata Management\n▪Data Streaming",
      "COMMERCIALS FOR ASSESSMENT & MVP",
      "POC Features",
      "MDM Tool Comparison Scorecard & Evaluation Report\n•\nHigh-Level Implementation Roadmap & POC Definition \nDocument\n•\n",
      "Transformat",
      "STRATEGY & ROADMAP",
      "Performance \nMetrics for Leaders\n▪Identify Quality Metrics",
      "EDW\nData Centricity - Data Services",
      "Talent Transformation \nAssets & Accelerators",
      "Master Data \nManagement",
      "AI & Analytics",
      "Identify Pilot Group",
      "Train Stewards",
      "CDE",
      "• Limited BI",
      "• Collaborative",
      "CG Center of Excellence",
      "Data Factory Setup",
      "OBJECTIVES",
      "KPI",
      "BROAD",
      "DevOps SME & \nMisc",
      "DATA & ANALYTICS \nDIRECTOR\nBUSINESS",
      "Life \nSciences",
      "Application - Data Services\nTraditional BI Reporting\nData Modeling",
      "Dedicated Capgemini COE’s",
      "Consolidated",
      "SAP MDM",
      "App",
      "DBA",
      "• Enhanced BI",
      "Finalize Evaluation Template\nPOC Exercise Execution",
      "Finalize POC Scoring for Demo\nPrepare Recommendation",
      "Governance Practices\n▪Implement Performance \nMeasures"
    ]
  },
  "extraction_time_sec": 14.608
}