{
  "id": "f2dbce9dc055",
  "filename": "uploaded_KM_folder_GenAI_Tech_Support_Assistant.pdf",
  "relative_path": "uploaded_KM_folder_GenAI_Tech_Support_Assistant.pdf",
  "extension": ".pdf",
  "tags": {
    "domain": "Admin",
    "region": "Unknown",
    "client": "Unknown"
  },
  "file_size_bytes": 530619,
  "last_modified": "2025-10-16T20:29:22.500802",
  "page_count": 3,
  "content_length": 2991,
  "pdf_metadata": {
    "format": "PDF 1.7",
    "title": "TITLE",
    "author": "Pal, Abhirup",
    "subject": "",
    "keywords": "",
    "creator": "Microsoft® PowerPoint® for Microsoft 365",
    "producer": "Microsoft® PowerPoint® for Microsoft 365",
    "creationDate": "D:20250923144622+05'30'",
    "modDate": "D:20250923144622+05'30'",
    "trapped": "",
    "encryption": null
  },
  "hash": "f2dbce9dc0554913df0e0cc2db6105c9",
  "language": "en",
  "ingested_at": "2025-10-16T14:59:22.811149+00:00",
  "content_preview": "GROUP PRIORITY – DATA & AI\nMAIN GROUP OFFER – AI ANALYTICS & DATA \nSCIENCE\nSERVICE OFFERING – CUSTOM GENERATIVE AI \nFOR ENTERPRISE\nSECTOR – MANUFACTURING\nGenAI Product Tech \nsupport assistant to \ngenerate $500k savings \nper year\nApril 2024\n\nChat Summarization and Enterprise Technical Knowledge Assistance using Generative AI\nCompany Confidential © Capgemini 2024. All rights reserved  |\n2\n$500K\nEstimated \nproductivity \nsavings \nevery year\nEnhance \nAccuracy \nof GenAI \nresponses\nBENEFITS DELIVERED\nComprehensive \nChat History for \nbetter \ninteractivity\nCONTACTS\nAlaina Case\nData Science Manager\nAI&A, I&D\nENTERPRISE MANAGEMENT\nAI ANALYTICS & DATA SCIENCE\nOP #02116171 | 2024 | I&D | AIADS | MANUFACTURING | \nNA & INDIA | GENERATIVE AI\nContext/Market Positioning & Competition:\nGlobal manufacturing client partnered with Capgemini for a digital GenAI \ntransformation throughout the enterprise to save time & money\nChallenges: \n▪The Technical Support team spends hours finding and summarizing \ndetailed documentation to answer client questions\n▪Significant transformation were required to identify insights across \nsources\nGain Points: \n▪Saves time while providing accurate results to end users\n▪Provides accurate summary of highly technical documents\n▪Productivity Saving  \nApproach & Solution:\n▪By optimizing the Vector Database and enhancing the Retrieval \nAugmented Generation process, our team increased the overall relevance \n& accuracy of the answers provided through GenAI\n▪Capgemini added sta",
  "overview_summary": "GROUP PRIORITY – DATA & AI MAIN GROUP OFFER – AI ANALYTICS & DATA  SCIENCE SERVICE OFFERING – CUSTOM GENERATIVE AI  FOR ENTERPRISE SECTOR – MANUFACTURING GenAI Product Tech  support assistant to  generate $500k savings  per year April 2024  Chat Summarization and Enterprise Technical Knowledge Assis...",
  "content_summary": {
    "summary": "GROUP PRIORITY – DATA & AI MAIN GROUP OFFER – AI ANALYTICS & DATA  SCIENCE SERVICE OFFERING – CUSTOM GENERATIVE AI  FOR ENTERPRISE SECTOR – MANUFACTURING GenAI Product Tech  support assistant to  generate $500k savings  per year April 2024  Chat Summarization and Enterprise Technical Knowledge Assis...",
    "word_count": 434,
    "page_count": 3
  },
  "classification": {
    "document_type": "RFX Response",
    "sub_type": "Technical Proposal",
    "group_priority": "Medium",
    "sector": "General",
    "service_offerings": [
      "Consulting"
    ]
  },
  "industry_tags": {
    "industries": [
      "Technology",
      "Manufacturing"
    ],
    "domains": [
      "data",
      "information",
      "the power",
      "digital engineering",
      "Contact Team",
      "accurate results",
      "Solution",
      "Copyright ©",
      "year",
      "2023 global revenues"
    ]
  },
  "entities": {
    "clients": [
      "AI ANALYTICS & DATA",
      "Data & AI\nVisit",
      "AI&A",
      "Data & AI\n",
      "Data & AI GTM Factory",
      "MAIN GROUP OFFER",
      "AIADS",
      "DATA & AI\n",
      "Data & AI",
      "the Capgemini Group",
      "AI ANALYTICS & DATA SCIENCE\nOP",
      "Context/Market Positioning & Competition",
      "NA & INDIA",
      "Group",
      "the Vector Database"
    ],
    "products": [
      "AI ANALYTICS & DATA",
      "Data & AI\nVisit",
      "AI&A",
      "Data & AI\n",
      "Data & AI GTM Factory",
      "MAIN GROUP OFFER",
      "AIADS",
      "DATA & AI\n",
      "Data & AI",
      "the Capgemini Group",
      "AI ANALYTICS & DATA SCIENCE\nOP",
      "Context/Market Positioning & Competition",
      "NA & INDIA",
      "Group",
      "the Vector Database"
    ],
    "technologies": [],
    "partners": [
      "AI ANALYTICS & DATA",
      "Data & AI\nVisit",
      "AI&A",
      "Data & AI\n",
      "Data & AI GTM Factory",
      "MAIN GROUP OFFER",
      "AIADS",
      "DATA & AI\n",
      "Data & AI",
      "the Capgemini Group",
      "AI ANALYTICS & DATA SCIENCE\nOP",
      "Context/Market Positioning & Competition",
      "NA & INDIA",
      "Group",
      "the Vector Database"
    ]
  },
  "extraction_time_sec": 0.31
}