{
  "id": "2eff1a9b5f1f",
  "filename": "uploads_KM_folder_uploaded_KM_folder_GenAI_Response_Engine_for_Scalable_Support.pdf",
  "relative_path": "uploads_KM_folder_uploaded_KM_folder_GenAI_Response_Engine_for_Scalable_Support.pdf",
  "extension": ".pdf",
  "tags": {
    "domain": "Admin",
    "region": "Unknown",
    "client": "Unknown"
  },
  "file_size_bytes": 401023,
  "last_modified": "2025-11-13T16:30:04.547075",
  "page_count": 3,
  "content_length": 3120,
  "pdf_metadata": {
    "format": "PDF 1.7",
    "title": "TITLE",
    "author": "Pal, Abhirup",
    "subject": "",
    "keywords": "",
    "creator": "Microsoft® PowerPoint® for Microsoft 365",
    "producer": "Microsoft® PowerPoint® for Microsoft 365",
    "creationDate": "D:20250923144532+05'30'",
    "modDate": "D:20250923144532+05'30'",
    "trapped": "",
    "encryption": null
  },
  "hash": "2eff1a9b5f1fc69b4a1c7cc29c3e5d96",
  "language": "en",
  "ingested_at": "2025-11-13T11:00:07.420288+00:00",
  "content_preview": "GROUP PRIORITY – DATA & AI\nMAIN GROUP OFFER – AI ANALYTICS & DATA \nSCIENCE\nSERVICE OFFERING – CUSTOM GENERATIVE AI \nFOR ENTERPRISE\nSECTOR – MANUFACTURING\nGenAI Customer Service \nassistant integrated with \nSalesforce for 1st-draft \nresponses to customer \nemails and generate $3M \nsavings per year\nApril 2024\n\nPredictive and Automated Decision-making Assisted by GenAI Customer Service Assistant\nCompany Confidential © Capgemini 2024. All rights reserved  |\n2\nContext/Market Positioning & Competition:\nClient is a large multinational manufacturing and services company. \nCapgemini is the preferred GenAI partner as a joint delivery team. \nChallenges: \n▪The current customer service process is very manual, with each business \nunit taking a different path to resolving customer inquiries, limiting the \nability for automation\nGain Points:\n▪Providing text comprehension for prediction on next best action based \non customer email\n▪Understanding of the customer email to an automated response \n▪Seamless classification of emails – thus improving operational \neffectiveness\n▪Creates draft of email with goal of automation\nApproach & Solution:\n▪Few shot learning for prompt engineering was used to train LLM to \nclassify customer inquiry emails\n▪Direct integration with Salesforce to provide GenAI insights and answers \nto CSR team\n▪Integration with SAP to provide custom historical data\n$3 M\nEstimated \nSavings \nevery year\nBENEFITS DELIVERED\nBuilding towards \nincreased \nautomation of \nrepetitive tasks\nFor",
  "overview_summary": "GROUP PRIORITY – DATA & AI MAIN GROUP OFFER – AI ANALYTICS & DATA  SCIENCE SERVICE OFFERING – CUSTOM GENERATIVE AI  FOR ENTERPRISE SECTOR – MANUFACTURING GenAI Customer Service  assistant integrated with  Salesforce for 1st-draft  responses to customer  emails and generate $3M  savings per year Apri...",
  "content_summary": {
    "summary": "GROUP PRIORITY – DATA & AI MAIN GROUP OFFER – AI ANALYTICS & DATA  SCIENCE SERVICE OFFERING – CUSTOM GENERATIVE AI  FOR ENTERPRISE SECTOR – MANUFACTURING GenAI Customer Service  assistant integrated with  Salesforce for 1st-draft  responses to customer  emails and generate $3M  savings per year Apri...",
    "word_count": 464,
    "page_count": 3
  },
  "classification": {
    "document_type": "Unknown",
    "group_priority": "Medium",
    "sector": "Retail",
    "service_offerings": [
      "Support"
    ]
  },
  "industry_tags": {
    "industries": [
      "Retail",
      "Manufacturing",
      "Technology",
      "Education"
    ],
    "domains": [
      "Contact Team",
      "year\nOP",
      "It",
      "emails",
      "every year\nBENEFITS",
      "$3M savings",
      "draft",
      "their \nbusiness",
      "each business \nunit",
      "prompt engineering"
    ]
  },
  "entities": {
    "clients": [
      "DATA & AI\n",
      "AI ANALYTICS & DATA",
      "NA & INDIA",
      "Data & AI\nVisit",
      "MAIN GROUP OFFER",
      "Data & AI",
      "Data & AI\n",
      "AI&A",
      "the Capgemini Group",
      "Approach & Solution",
      "Data & AI GTM Factory",
      "AI ANALYTICS & DATA SCIENCE\nAlaina Case\nData Science",
      "Salesforce",
      "CSR",
      "AIADS",
      "LLM",
      "Customer Service",
      "Context/Market Positioning & Competition",
      "SAP",
      "Group",
      "Assisted"
    ],
    "products": [
      "DATA & AI\n",
      "AI ANALYTICS & DATA",
      "NA & INDIA",
      "Data & AI\nVisit",
      "MAIN GROUP OFFER",
      "Data & AI",
      "Data & AI\n",
      "AI&A",
      "the Capgemini Group",
      "Approach & Solution",
      "Data & AI GTM Factory",
      "AI ANALYTICS & DATA SCIENCE\nAlaina Case\nData Science",
      "Salesforce",
      "CSR",
      "AIADS",
      "LLM",
      "Customer Service",
      "Context/Market Positioning & Competition",
      "SAP",
      "Group",
      "Assisted"
    ],
    "technologies": [],
    "partners": [
      "DATA & AI\n",
      "AI ANALYTICS & DATA",
      "NA & INDIA",
      "Data & AI\nVisit",
      "MAIN GROUP OFFER",
      "Data & AI",
      "Data & AI\n",
      "AI&A",
      "the Capgemini Group",
      "Approach & Solution",
      "Data & AI GTM Factory",
      "AI ANALYTICS & DATA SCIENCE\nAlaina Case\nData Science",
      "Salesforce",
      "CSR",
      "AIADS",
      "LLM",
      "Customer Service",
      "Context/Market Positioning & Competition",
      "SAP",
      "Group",
      "Assisted"
    ]
  },
  "extraction_time_sec": 2.864
}