{
  "id": "8171c6c1561f",
  "filename": "uploads_KM_folder_uploaded_KM_folder_GenAI_for_Intelligent_Incident_Management.pdf",
  "relative_path": "uploads_KM_folder_uploaded_KM_folder_GenAI_for_Intelligent_Incident_Management.pdf",
  "extension": ".pdf",
  "tags": {
    "domain": "Admin",
    "region": "Unknown",
    "client": "Unknown"
  },
  "file_size_bytes": 413572,
  "last_modified": "2025-11-13T16:30:03.224151",
  "page_count": 2,
  "content_length": 1881,
  "pdf_metadata": {
    "format": "PDF 1.7",
    "title": "",
    "author": "Singh, Parul",
    "subject": "",
    "keywords": "",
    "creator": "Microsoft® PowerPoint® for Microsoft 365",
    "producer": "Microsoft® PowerPoint® for Microsoft 365",
    "creationDate": "D:20250923144446+05'30'",
    "modDate": "D:20250923144446+05'30'",
    "trapped": "",
    "encryption": null
  },
  "hash": "8171c6c1561fbd71f0bba9c62e9d3b70",
  "language": "en",
  "ingested_at": "2025-11-13T11:00:07.122649+00:00",
  "content_preview": "GROUP PRIORITY – DATA & AI\nMAIN GROUP OFFER – AI ANALYTICS & DATA \nSCIENCE\nSERVICE OFFERING – CUSTOM GENERATIVE AI \nFOR ENTERPRISE\nSECTOR – MANUFACTURING\nGenAI assistant for \nApplication incident \nresolution (ITSM) with \nServiceNow to generate \n$1M a year\nApril 2024\n\nConversation AI IT Assistant to Help Analyze Tickets and Provide Resolution Steps\nCompany Confidential © Capgemini 2024. All rights reserved  |\n2\n$1 M\nEstimated \nSavings \nevery year\nBENEFITS DELIVERED\nStrengthen\nKnowledge Data \nBase \nCONTACTS\nENTERPRISE MANAGEMENT\nAI ANALYTICS & DATA SCIENCE\nOP# 02116171 | 2024 | I&D | AIADS | MANUFACTURING | \nNA & INDIA | GENERATIVE AI\nImprove\nTicket Routing \nProcess and \nFaster \nResolution of \nTIckets\nStrictly for Internal Consumption\nAlaina Case\nData Science Manager\nAI&A, I&D\nFortune 100 \nManufacturing\nContext/Market Positioning & Competition:\nClient is a large multinational manufacturing and services company. \nCapgemini is the preferred GenAI partner as a joint delivery team.\nChallenges/Pain points: \n▪The IT Support team is responsible for responding to application \nincidents by identifying key support team quickly and accurately\n▪High Resolution Time trying to find the right team to resolve tickets, with \nmany tickets rerouted indefinitely\n▪Lack of Strategic Insights to provide Root Cause Analysis, leading to loss \nof critical time to identify the resolution\nGain Points :\n▪Better ticket management and routing\n▪Faster and Effective Resolution\n▪Better Insights for determining ",
  "overview_summary": "GROUP PRIORITY – DATA & AI MAIN GROUP OFFER – AI ANALYTICS & DATA  SCIENCE SERVICE OFFERING – CUSTOM GENERATIVE AI  FOR ENTERPRISE SECTOR – MANUFACTURING GenAI assistant for  Application incident  resolution (ITSM) with  ServiceNow to generate  $1M a year April 2024  Conversation AI IT Assistant to ...",
  "content_summary": {
    "summary": "GROUP PRIORITY – DATA & AI MAIN GROUP OFFER – AI ANALYTICS & DATA  SCIENCE SERVICE OFFERING – CUSTOM GENERATIVE AI  FOR ENTERPRISE SECTOR – MANUFACTURING GenAI assistant for  Application incident  resolution (ITSM) with  ServiceNow to generate  $1M a year April 2024  Conversation AI IT Assistant to ...",
    "word_count": 275,
    "page_count": 2
  },
  "classification": {
    "document_type": "Unknown",
    "group_priority": "Low",
    "sector": "Technology",
    "service_offerings": [
      "Support"
    ]
  },
  "industry_tags": {
    "industries": [
      "Technology"
    ],
    "domains": [
      "external APIs",
      "application \nincidents",
      "Root Cause Analysis",
      "Solution",
      "Competition",
      "CUSTOM",
      "every year\nBENEFITS",
      "TIckets",
      "Capgemini",
      "indefinitely\n▪"
    ]
  },
  "entities": {
    "clients": [
      "DATA & AI\n",
      "RCA\nApproach & Solution",
      "Root Cause Analysis",
      "AI ANALYTICS & DATA",
      "ITSM",
      "AI ANALYTICS & DATA SCIENCE\nOP",
      "Context/Market Positioning & Competition",
      "NA & INDIA",
      "Challenges/Pain",
      "AI&A",
      "ServiceNow",
      "AIADS",
      "Application",
      "MAIN GROUP OFFER"
    ],
    "products": [
      "DATA & AI\n",
      "RCA\nApproach & Solution",
      "Root Cause Analysis",
      "AI ANALYTICS & DATA",
      "ITSM",
      "AI ANALYTICS & DATA SCIENCE\nOP",
      "Context/Market Positioning & Competition",
      "NA & INDIA",
      "Challenges/Pain",
      "AI&A",
      "ServiceNow",
      "AIADS",
      "Application",
      "MAIN GROUP OFFER"
    ],
    "technologies": [],
    "partners": [
      "DATA & AI\n",
      "RCA\nApproach & Solution",
      "Root Cause Analysis",
      "AI ANALYTICS & DATA",
      "ITSM",
      "AI ANALYTICS & DATA SCIENCE\nOP",
      "Context/Market Positioning & Competition",
      "NA & INDIA",
      "Challenges/Pain",
      "AI&A",
      "ServiceNow",
      "AIADS",
      "Application",
      "MAIN GROUP OFFER"
    ]
  },
  "extraction_time_sec": 3.895
}