{
  "id": "5eb224d2368f",
  "filename": "uploads_uploaded_KM_folder_uploaded_KM_folder_2025_ETime_Arch_Review_Draft.pdf",
  "relative_path": "uploads_uploaded_KM_folder_uploaded_KM_folder_2025_ETime_Arch_Review_Draft.pdf",
  "extension": ".pdf",
  "tags": {
    "domain": "Admin",
    "region": "Unknown",
    "client": "Unknown"
  },
  "file_size_bytes": 1242728,
  "last_modified": "2025-11-13T16:31:36.148084",
  "page_count": 18,
  "content_length": 15201,
  "pdf_metadata": {
    "format": "PDF 1.7",
    "title": "",
    "author": "Sibley, Thomas (Penske, Capgemini)",
    "subject": "",
    "keywords": "",
    "creator": "Microsoft® PowerPoint® for Microsoft 365",
    "producer": "Microsoft® PowerPoint® for Microsoft 365",
    "creationDate": "D:20250923161616+05'30'",
    "modDate": "D:20250923161616+05'30'",
    "trapped": "",
    "encryption": null
  },
  "hash": "5eb224d2368f76db8bbb97184953375e",
  "language": "en",
  "ingested_at": "2025-11-13T11:01:37.427447+00:00",
  "content_preview": "Decarolis Data Archival – Capgemini Approach\nCompany Confidential © Capgemini 2022. All rights reserved  |\n1\neTime Re-architecture\nRecommendations for improving processing\n07/28/2025\n\n2\nThe information contained in this document is proprietary. Copyright © 2021 Capgemini. All rights reserved.\nNOTICE TO THE RECIPIENT OF THIS PROPOSAL \n(“RECIPIENT”) \nThe information contained herein, as well as any information shared by Capgemini in furtherance of this proposal, are the proprietary and confidential information (“Confidential Information”) of Capgemini, \nand their release would offer substantial benefit to competitors offering similar services.  The Confidential Information includes descriptions of methodologies and concepts derived through substantial \nresearch and development efforts undertaken by Capgemini.  Recipient shall use this proposal and/or any Confidential Information solely for the purpose of evaluation for contract award.  If Capgemini and \nRecipient are not otherwise parties to a non-disclosure agreement which protects Capgemini’s Confidential Information herein, Recipient agrees to maintain in confidence and not to disclose the Confidential \nInformation except to its employees or agents on a “need to know basis.” Your acceptance of the submission of this proposal and evaluation thereof indicates your agreement to these terms. It is the position \nof Capgemini that this proposal and/or Confidential Information are not considered subject to release under the Freedom",
  "overview_summary": "Decarolis Data Archival – Capgemini Approach Company Confidential © Capgemini 2022. All rights reserved  | 1 eTime Re-architecture Recommendations for improving processing 07/28/2025  2 The information contained in this document is proprietary. Copyright © 2021 Capgemini. All rights reserved. NOTICE...",
  "content_summary": {
    "summary": "Decarolis Data Archival – Capgemini Approach Company Confidential © Capgemini 2022. All rights reserved  | 1 eTime Re-architecture Recommendations for improving processing 07/28/2025  2 The information contained in this document is proprietary. Copyright © 2021 Capgemini. All rights reserved. NOTICE...",
    "word_count": 2238,
    "page_count": 18
  },
  "classification": {
    "document_type": "RFP",
    "group_priority": "High",
    "sector": "Manufacturing",
    "service_offerings": [
      "Implementation",
      "Support"
    ]
  },
  "industry_tags": {
    "industries": [
      "Manufacturing",
      "Technology",
      "Legal"
    ],
    "domains": [
      "codebase",
      "CRUD data processing",
      "file processing",
      "SFTP",
      "any delay",
      "their \nbusiness",
      "COVID-19",
      "liability",
      "COVID-19 impacts",
      "•\nLeverages"
    ]
  },
  "entities": {
    "clients": [
      "S3 Table",
      "The Confidential Information",
      "Spark \nCluster",
      "Iceberg\nMultiRead \nGenerator\nMarker Generator\nJSON Parser + \nData Writer",
      "Talend + Snowflake\nOption 2",
      "CRUD",
      "Capgemini America, Inc.",
      "Test Data for Performance / \nRegression Testing Cycles\nPerformance",
      "NOTICE",
      "Business Team",
      "Objectives & Scope",
      "the Capgemini Group",
      "Implementation Approach",
      "Confidential Information",
      "• Observing",
      "• Needs",
      "Test Data for QA Testing \nCycles\nAccurate",
      "Data Estate",
      "Design Review & Sign",
      "Development & Code Review \nCapgemini Project Team",
      "• Reuse the Python and Talend",
      "QA Testing & Signoff\nCapgemini Project Team",
      "Capgemini Project Team",
      "Background & Scope",
      "Defect Fixing & \nRetesting\nTesting Deliverables\nTest Case Identification/ Preparation",
      "Capgemini’s Confidential Information",
      "Initial Test Case Review\nUAT Test Planning\n",
      "• Lakehouse",
      "UAT Testing\nUAT",
      "Decarolis Data Archival",
      "Athena",
      "QA",
      "Capgemini America",
      "Services",
      "GetObject Rate",
      "Spark",
      "DATA VALIDATION & TESTING\nTesting Phases\nFunctional/System Testing\nIntegration Testing\nPerformance Testing\nRegression Testing\nTest Scenarios\n•\nMatch",
      "Group",
      "Project Plan",
      "MultiRead"
    ],
    "products": [
      "S3 Table",
      "The Confidential Information",
      "Spark \nCluster",
      "Iceberg\nMultiRead \nGenerator\nMarker Generator\nJSON Parser + \nData Writer",
      "Talend + Snowflake\nOption 2",
      "CRUD",
      "Capgemini America, Inc.",
      "Test Data for Performance / \nRegression Testing Cycles\nPerformance",
      "NOTICE",
      "Business Team",
      "Objectives & Scope",
      "the Capgemini Group",
      "Implementation Approach",
      "Confidential Information",
      "• Observing",
      "• Needs",
      "Test Data for QA Testing \nCycles\nAccurate",
      "Data Estate",
      "Design Review & Sign",
      "Development & Code Review \nCapgemini Project Team",
      "• Reuse the Python and Talend",
      "QA Testing & Signoff\nCapgemini Project Team",
      "Capgemini Project Team",
      "Background & Scope",
      "Defect Fixing & \nRetesting\nTesting Deliverables\nTest Case Identification/ Preparation",
      "Capgemini’s Confidential Information",
      "Initial Test Case Review\nUAT Test Planning\n",
      "• Lakehouse",
      "UAT Testing\nUAT",
      "Decarolis Data Archival",
      "Athena",
      "QA",
      "Capgemini America",
      "Services",
      "GetObject Rate",
      "Spark",
      "DATA VALIDATION & TESTING\nTesting Phases\nFunctional/System Testing\nIntegration Testing\nPerformance Testing\nRegression Testing\nTest Scenarios\n•\nMatch",
      "Group",
      "Project Plan",
      "MultiRead"
    ],
    "technologies": [],
    "partners": [
      "S3 Table",
      "The Confidential Information",
      "Spark \nCluster",
      "Iceberg\nMultiRead \nGenerator\nMarker Generator\nJSON Parser + \nData Writer",
      "Talend + Snowflake\nOption 2",
      "CRUD",
      "Capgemini America, Inc.",
      "Test Data for Performance / \nRegression Testing Cycles\nPerformance",
      "NOTICE",
      "Business Team",
      "Objectives & Scope",
      "the Capgemini Group",
      "Implementation Approach",
      "Confidential Information",
      "• Observing",
      "• Needs",
      "Test Data for QA Testing \nCycles\nAccurate",
      "Data Estate",
      "Design Review & Sign",
      "Development & Code Review \nCapgemini Project Team",
      "• Reuse the Python and Talend",
      "QA Testing & Signoff\nCapgemini Project Team",
      "Capgemini Project Team",
      "Background & Scope",
      "Defect Fixing & \nRetesting\nTesting Deliverables\nTest Case Identification/ Preparation",
      "Capgemini’s Confidential Information",
      "Initial Test Case Review\nUAT Test Planning\n",
      "• Lakehouse",
      "UAT Testing\nUAT",
      "Decarolis Data Archival",
      "Athena",
      "QA",
      "Capgemini America",
      "Services",
      "GetObject Rate",
      "Spark",
      "DATA VALIDATION & TESTING\nTesting Phases\nFunctional/System Testing\nIntegration Testing\nPerformance Testing\nRegression Testing\nTest Scenarios\n•\nMatch",
      "Group",
      "Project Plan",
      "MultiRead"
    ]
  },
  "extraction_time_sec": 1.273
}