{
  "id": "19ed1cdbb885",
  "filename": "uploads_KM_folder_uploaded_KM_folder_Smart_Data_Platform_for_Instant_Decisions.pdf",
  "relative_path": "uploads_KM_folder_uploaded_KM_folder_Smart_Data_Platform_for_Instant_Decisions.pdf",
  "extension": ".pdf",
  "tags": {
    "domain": "Admin",
    "region": "Unknown",
    "client": "Unknown"
  },
  "file_size_bytes": 542568,
  "last_modified": "2025-11-13T16:30:11.516516",
  "page_count": 2,
  "content_length": 2171,
  "pdf_metadata": {
    "format": "PDF 1.7",
    "title": "PowerPoint Presentation",
    "author": "Polipalli, Naveen Kumar",
    "subject": "",
    "keywords": "",
    "creator": "Microsoft® PowerPoint® for Microsoft 365",
    "producer": "Microsoft® PowerPoint® for Microsoft 365",
    "creationDate": "D:20250923145235+05'30'",
    "modDate": "D:20250923145235+05'30'",
    "trapped": "",
    "encryption": null
  },
  "hash": "19ed1cdbb8850c81eef012759f7ad06a",
  "language": "en",
  "ingested_at": "2025-11-13T11:00:14.766953+00:00",
  "content_preview": "V 0.1 Jan 2023\nTRANSFORMATIVE DATA \nPLATFORM TO ENABLE REAL \nTIME DECISIONS AND \nDEMOCRATIZE DELIVERY OF \nINSIGHTS\nGROUP OFFER – Data & AI\nCORE OFFER - AI and Data Engineering\nSECTOR –  Automotive\n[INSERT IMAGE HERE:\nINDUSTRY GENERIC/ SECTOR SPECIFIC/ OFFER THEMED/ PEOPLE \nCENTRIC]\n\n2\nXXXXXXXXXXXXXXXXXXXXXX\nContext/Market Positioning & Competition:\nA leading global supplier  of automotive infotainment and connectivity systems. \nChallenges/Pain points:\nThey aim to facilitate innovations by moving away from manual processes and \ngetting timely access to data so that they could understand market demand and \niterate quickly with the new products and services\nThe main challenges were:\n▪Lack of self-service data & reporting capabilities even after 2-years of building \nIBM data  platform\n▪Challenging functional /design documentation for platform development\n▪Unstable existing IBM data platform with regular outages, redundant data load \nprocessing and inadequate support\n▪High cost of platform maintenance\nLimited data analysis tools and manual processes made timely access to data a \nchallenge, therefore slowing down new product development. PASA needed a \nnew Data Platform to enable real time decisions and democratize delivery of \ninsight\nGain points:\nThe client needed a new Data Platform to enable real time decisions and \ndemocratize delivery of insights\nApproach & Solution:\n• Capgemini  built and delivered a Transformative  Data Platform on Microsoft \nAzure with Power BI to provide ",
  "overview_summary": "V 0.1 Jan 2023 TRANSFORMATIVE DATA  PLATFORM TO ENABLE REAL  TIME DECISIONS AND  DEMOCRATIZE DELIVERY OF  INSIGHTS GROUP OFFER – Data & AI CORE OFFER - AI and Data Engineering SECTOR –  Automotive [INSERT IMAGE HERE: INDUSTRY GENERIC/ SECTOR SPECIFIC/ OFFER THEMED/ PEOPLE  CENTRIC]  2 XXXXXXXXXXXXXX...",
  "content_summary": {
    "summary": "V 0.1 Jan 2023 TRANSFORMATIVE DATA  PLATFORM TO ENABLE REAL  TIME DECISIONS AND  DEMOCRATIZE DELIVERY OF  INSIGHTS GROUP OFFER – Data & AI CORE OFFER - AI and Data Engineering SECTOR –  Automotive [INSERT IMAGE HERE: INDUSTRY GENERIC/ SECTOR SPECIFIC/ OFFER THEMED/ PEOPLE  CENTRIC]  2 XXXXXXXXXXXXXX...",
    "word_count": 314,
    "page_count": 2
  },
  "classification": {
    "document_type": "Unknown",
    "group_priority": "Low",
    "sector": "Technology",
    "service_offerings": [
      "Support"
    ]
  },
  "industry_tags": {
    "industries": [
      "Technology"
    ],
    "domains": [
      "US | JULY",
      "real time decisions",
      "Power BI",
      "capabilities",
      "The client",
      "real time \ndecisions",
      "regular outages",
      "| AI",
      "Solution",
      "Competition"
    ]
  },
  "entities": {
    "clients": [
      "Power BI",
      "AI & DATA",
      "Data & AI\nCORE OFFER - AI",
      "I&D",
      "Context/Market Positioning & Competition",
      "Challenges/Pain",
      "Data Platform",
      "Microsoft",
      "Data Engineering",
      "IBM",
      "Approach & Solution",
      "PLATFORM TO ENABLE REAL \nTIME DECISIONS",
      "External \nAI & Data Engineering"
    ],
    "products": [
      "Power BI",
      "AI & DATA",
      "Data & AI\nCORE OFFER - AI",
      "I&D",
      "Context/Market Positioning & Competition",
      "Challenges/Pain",
      "Data Platform",
      "Microsoft",
      "Data Engineering",
      "IBM",
      "Approach & Solution",
      "PLATFORM TO ENABLE REAL \nTIME DECISIONS",
      "External \nAI & Data Engineering"
    ],
    "technologies": [
      "Azure"
    ],
    "partners": [
      "Power BI",
      "AI & DATA",
      "Data & AI\nCORE OFFER - AI",
      "I&D",
      "Context/Market Positioning & Competition",
      "Challenges/Pain",
      "Data Platform",
      "Microsoft",
      "Data Engineering",
      "IBM",
      "Approach & Solution",
      "PLATFORM TO ENABLE REAL \nTIME DECISIONS",
      "External \nAI & Data Engineering"
    ]
  },
  "extraction_time_sec": 3.242
}