{
  "id": "492647d76dba",
  "filename": "uploads_KM_folder_uploaded_KM_folder_Nike_Regional_Inventory_Deployment_Engine_5.pdf",
  "relative_path": "uploads_KM_folder_uploaded_KM_folder_Nike_Regional_Inventory_Deployment_Engine_5.pdf",
  "extension": ".pdf",
  "tags": {
    "domain": "Admin",
    "region": "Unknown",
    "client": "Unknown"
  },
  "file_size_bytes": 438943,
  "last_modified": "2025-11-13T16:30:07.483925",
  "page_count": 2,
  "content_length": 1742,
  "pdf_metadata": {
    "format": "PDF 1.7",
    "title": "USE CASEs",
    "author": "Pal, Abhirup",
    "subject": "",
    "keywords": "",
    "creator": "Microsoft® PowerPoint® for Microsoft 365",
    "producer": "Microsoft® PowerPoint® for Microsoft 365",
    "creationDate": "D:20250923145504+05'30'",
    "modDate": "D:20250923145504+05'30'",
    "trapped": "",
    "encryption": null
  },
  "hash": "492647d76dbadcba73b680c1d2729696",
  "language": "en",
  "ingested_at": "2025-11-13T11:00:11.476434+00:00",
  "content_preview": "November 2023\nREGIONAL \nINVENTORY \nDEPLOYMENT AI \nENGINE\nGROUP PRIORITY – DATA & AI\nMAIN GROUP OFFER – AI ANALYTICS & DATA SCIENCE\nSECTOR – CONSUMER PRODUCTS & RETAIL\nStrictly for Internal Consumption\n\n2\nCompany Confidential © Capgemini 2023. All rights reserved  |\nREGIONAL INVENTORY DEPLOYMENT AI ENGINE\nIncrease Sales Profit with 29% Digital Revenue Growth by \nRight Product Positioning for Digital Consumers\nContext/Market Positioning & Competition: The client’s \nambition is to grow 5-fold in the Direct-to-Consumer Channel \nrequiring a change from a central omnichannel capacity to a \nmulti-node network. The supply chain is more complex to \nmanage, resulting in higher delivery times and suboptimal stocks \nand suboptimal customer.\nChallenges/Pain points: \nNeed for Analytics driven solutions to overcome complex \nchallenges in lost sales due to:\n▪Inaccurate inventory start of season, \n▪inaccurate replenishment during promotions\n▪overspill of less relevant/old season products\nGain points: \n▪Net sales impact worth (850K$) of lower lead times\n▪Avoid 11K$ worth markdowns through correct deployment\nApproach & Solution:\nCapgemini deployed a scalable AI driven engine, deploying \nInventory to a node/logistic center/Service center with \ninteractive analytical features to convert demand predictions to \nreplenishment, provide inventory replenishment signals, help \nidentify optimal and accurate level of inventory.\nINTELLIGENT INDUSTRY\nAI ANALYTICS & DATA SCIENCE\nOP# 01795361 | 2022 - 2023 | ",
  "overview_summary": "November 2023 REGIONAL  INVENTORY  DEPLOYMENT AI  ENGINE GROUP PRIORITY – DATA & AI MAIN GROUP OFFER – AI ANALYTICS & DATA SCIENCE SECTOR – CONSUMER PRODUCTS & RETAIL Strictly for Internal Consumption  2 Company Confidential © Capgemini 2023. All rights reserved  | REGIONAL INVENTORY DEPLOYMENT AI E...",
  "content_summary": {
    "summary": "November 2023 REGIONAL  INVENTORY  DEPLOYMENT AI  ENGINE GROUP PRIORITY – DATA & AI MAIN GROUP OFFER – AI ANALYTICS & DATA SCIENCE SECTOR – CONSUMER PRODUCTS & RETAIL Strictly for Internal Consumption  2 Company Confidential © Capgemini 2023. All rights reserved  | REGIONAL INVENTORY DEPLOYMENT AI E...",
    "word_count": 246,
    "page_count": 2
  },
  "classification": {
    "document_type": "Unknown",
    "group_priority": "Low",
    "sector": "Retail",
    "service_offerings": [
      "Implementation"
    ]
  },
  "industry_tags": {
    "industries": [
      "Retail",
      "Manufacturing",
      "Technology"
    ],
    "domains": [
      "Inventory",
      "Consumer",
      "overspill",
      "Solution",
      "Competition",
      "demand predictions",
      "Right Product Positioning",
      "Capgemini",
      "|",
      "lost sales"
    ]
  },
  "entities": {
    "clients": [
      "DATA & AI\n",
      "AI ANALYTICS & DATA SCIENCE\nSECTOR – CONSUMER PRODUCTS & RETAIL\n",
      "AI ANALYTICS & DATA SCIENCE\nOP",
      "Challenges/Pain",
      "AIADS",
      "CP&R",
      "Approach & Solution",
      "Digital",
      "MAIN GROUP OFFER",
      "Digital Consumers\nContext/Market Positioning & Competition"
    ],
    "products": [
      "DATA & AI\n",
      "AI ANALYTICS & DATA SCIENCE\nSECTOR – CONSUMER PRODUCTS & RETAIL\n",
      "AI ANALYTICS & DATA SCIENCE\nOP",
      "Challenges/Pain",
      "AIADS",
      "CP&R",
      "Approach & Solution",
      "Digital",
      "MAIN GROUP OFFER",
      "Digital Consumers\nContext/Market Positioning & Competition"
    ],
    "technologies": [],
    "partners": [
      "DATA & AI\n",
      "AI ANALYTICS & DATA SCIENCE\nSECTOR – CONSUMER PRODUCTS & RETAIL\n",
      "AI ANALYTICS & DATA SCIENCE\nOP",
      "Challenges/Pain",
      "AIADS",
      "CP&R",
      "Approach & Solution",
      "Digital",
      "MAIN GROUP OFFER",
      "Digital Consumers\nContext/Market Positioning & Competition"
    ]
  },
  "extraction_time_sec": 3.981
}