{
  "id": "5eb224d2368f",
  "filename": "2025_ETime_Arch_Review_Draft.pdf",
  "relative_path": "2025_ETime_Arch_Review_Draft.pdf",
  "extension": ".pdf",
  "tags": {
    "domain": "User",
    "region": "Unknown",
    "client": "Unknown"
  },
  "file_size_bytes": 1242728,
  "last_modified": "2025-11-06T17:21:24.486669",
  "page_count": 18,
  "content_length": 15201,
  "pdf_metadata": {
    "format": "PDF 1.7",
    "title": "",
    "author": "Sibley, Thomas (Penske, Capgemini)",
    "subject": "",
    "keywords": "",
    "creator": "Microsoft® PowerPoint® for Microsoft 365",
    "producer": "Microsoft® PowerPoint® for Microsoft 365",
    "creationDate": "D:20250923161616+05'30'",
    "modDate": "D:20250923161616+05'30'",
    "trapped": "",
    "encryption": null
  },
  "hash": "5eb224d2368f76db8bbb97184953375e",
  "language": "en",
  "ingested_at": "2025-11-06T11:51:26.890279+00:00",
  "content_preview": "Decarolis Data Archival – Capgemini Approach\nCompany Confidential © Capgemini 2022. All rights reserved  |\n1\neTime Re-architecture\nRecommendations for improving processing\n07/28/2025\n\n2\nThe information contained in this document is proprietary. Copyright © 2021 Capgemini. All rights reserved.\nNOTICE TO THE RECIPIENT OF THIS PROPOSAL \n(“RECIPIENT”) \nThe information contained herein, as well as any information shared by Capgemini in furtherance of this proposal, are the proprietary and confidential information (“Confidential Information”) of Capgemini, \nand their release would offer substantial benefit to competitors offering similar services.  The Confidential Information includes descriptions of methodologies and concepts derived through substantial \nresearch and development efforts undertaken by Capgemini.  Recipient shall use this proposal and/or any Confidential Information solely for the purpose of evaluation for contract award.  If Capgemini and \nRecipient are not otherwise parties to a non-disclosure agreement which protects Capgemini’s Confidential Information herein, Recipient agrees to maintain in confidence and not to disclose the Confidential \nInformation except to its employees or agents on a “need to know basis.” Your acceptance of the submission of this proposal and evaluation thereof indicates your agreement to these terms. It is the position \nof Capgemini that this proposal and/or Confidential Information are not considered subject to release under the Freedom",
  "overview_summary": "Decarolis Data Archival – Capgemini Approach Company Confidential © Capgemini 2022. All rights reserved  | 1 eTime Re-architecture Recommendations for improving processing 07/28/2025  2 The information contained in this document is proprietary. Copyright © 2021 Capgemini. All rights reserved. NOTICE...",
  "content_summary": {
    "summary": "Decarolis Data Archival – Capgemini Approach Company Confidential © Capgemini 2022. All rights reserved  | 1 eTime Re-architecture Recommendations for improving processing 07/28/2025  2 The information contained in this document is proprietary. Copyright © 2021 Capgemini. All rights reserved. NOTICE...",
    "word_count": 2238,
    "page_count": 18
  },
  "classification": {
    "document_type": "RFX Response",
    "sub_type": "Technical Proposal",
    "group_priority": "Medium",
    "sector": "General",
    "service_offerings": [
      "Consulting"
    ]
  },
  "industry_tags": {
    "industries": [
      "Manufacturing",
      "Legal",
      "Technology"
    ],
    "domains": [
      "warranties",
      "\"Capgemini",
      "Change Markers",
      "the purpose",
      "your acceptance",
      "its employees",
      "sporadic volume increases",
      "error",
      "Information",
      "End"
    ]
  },
  "entities": {
    "clients": [
      "Spark \nCluster",
      "DATA VALIDATION & TESTING\nTesting Phases\nFunctional/System Testing\nIntegration Testing\nPerformance Testing\nRegression Testing\nTest Scenarios\n•\nMatch",
      "Decarolis Data Archival",
      "Project Plan",
      "Design Review & Sign",
      "Defect Fixing & \nRetesting\nTesting Deliverables\nTest Case Identification/ Preparation",
      "Capgemini’s Confidential Information",
      "• Observing",
      "Iceberg\nMultiRead \nGenerator\nMarker Generator\nJSON Parser + \nData Writer",
      "• Reuse the Python and Talend",
      "Spark",
      "UAT Testing\nUAT",
      "NOTICE",
      "QA",
      "Talend + Snowflake\nOption 2",
      "Business Team",
      "Capgemini America",
      "The Confidential Information",
      "the Capgemini Group",
      "GetObject Rate",
      "Capgemini Project Team",
      "Data Estate",
      "CRUD",
      "Initial Test Case Review\nUAT Test Planning\n",
      "Group",
      "• Lakehouse",
      "Services",
      "• Needs",
      "Test Data for Performance / \nRegression Testing Cycles\nPerformance",
      "Confidential Information",
      "Objectives & Scope",
      "S3 Table",
      "Test Data for QA Testing \nCycles\nAccurate",
      "Capgemini America, Inc.",
      "Implementation Approach",
      "Athena",
      "MultiRead",
      "Development & Code Review \nCapgemini Project Team",
      "Background & Scope",
      "QA Testing & Signoff\nCapgemini Project Team"
    ],
    "products": [
      "Spark \nCluster",
      "DATA VALIDATION & TESTING\nTesting Phases\nFunctional/System Testing\nIntegration Testing\nPerformance Testing\nRegression Testing\nTest Scenarios\n•\nMatch",
      "Decarolis Data Archival",
      "Project Plan",
      "Design Review & Sign",
      "Defect Fixing & \nRetesting\nTesting Deliverables\nTest Case Identification/ Preparation",
      "Capgemini’s Confidential Information",
      "• Observing",
      "Iceberg\nMultiRead \nGenerator\nMarker Generator\nJSON Parser + \nData Writer",
      "• Reuse the Python and Talend",
      "Spark",
      "UAT Testing\nUAT",
      "NOTICE",
      "QA",
      "Talend + Snowflake\nOption 2",
      "Business Team",
      "Capgemini America",
      "The Confidential Information",
      "the Capgemini Group",
      "GetObject Rate",
      "Capgemini Project Team",
      "Data Estate",
      "CRUD",
      "Initial Test Case Review\nUAT Test Planning\n",
      "Group",
      "• Lakehouse",
      "Services",
      "• Needs",
      "Test Data for Performance / \nRegression Testing Cycles\nPerformance",
      "Confidential Information",
      "Objectives & Scope",
      "S3 Table",
      "Test Data for QA Testing \nCycles\nAccurate",
      "Capgemini America, Inc.",
      "Implementation Approach",
      "Athena",
      "MultiRead",
      "Development & Code Review \nCapgemini Project Team",
      "Background & Scope",
      "QA Testing & Signoff\nCapgemini Project Team"
    ],
    "technologies": [],
    "partners": [
      "Spark \nCluster",
      "DATA VALIDATION & TESTING\nTesting Phases\nFunctional/System Testing\nIntegration Testing\nPerformance Testing\nRegression Testing\nTest Scenarios\n•\nMatch",
      "Decarolis Data Archival",
      "Project Plan",
      "Design Review & Sign",
      "Defect Fixing & \nRetesting\nTesting Deliverables\nTest Case Identification/ Preparation",
      "Capgemini’s Confidential Information",
      "• Observing",
      "Iceberg\nMultiRead \nGenerator\nMarker Generator\nJSON Parser + \nData Writer",
      "• Reuse the Python and Talend",
      "Spark",
      "UAT Testing\nUAT",
      "NOTICE",
      "QA",
      "Talend + Snowflake\nOption 2",
      "Business Team",
      "Capgemini America",
      "The Confidential Information",
      "the Capgemini Group",
      "GetObject Rate",
      "Capgemini Project Team",
      "Data Estate",
      "CRUD",
      "Initial Test Case Review\nUAT Test Planning\n",
      "Group",
      "• Lakehouse",
      "Services",
      "• Needs",
      "Test Data for Performance / \nRegression Testing Cycles\nPerformance",
      "Confidential Information",
      "Objectives & Scope",
      "S3 Table",
      "Test Data for QA Testing \nCycles\nAccurate",
      "Capgemini America, Inc.",
      "Implementation Approach",
      "Athena",
      "MultiRead",
      "Development & Code Review \nCapgemini Project Team",
      "Background & Scope",
      "QA Testing & Signoff\nCapgemini Project Team"
    ]
  },
  "extraction_time_sec": 2.404
}