{
  "id": "c79ffe8d8d93",
  "filename": "KM_folder_GenAI_-_Customer_Support_Assistant_for_Customer_Care_Agents_to_Answer_Complex_Lending_and_Compliance_Questions.pdf",
  "relative_path": "KM_folder_GenAI_-_Customer_Support_Assistant_for_Customer_Care_Agents_to_Answer_Complex_Lending_and_Compliance_Questions.pdf",
  "extension": ".pdf",
  "tags": {
    "domain": "User",
    "region": "Unknown",
    "client": "Unknown"
  },
  "file_size_bytes": 362978,
  "last_modified": "2025-10-17T00:13:47.283625",
  "page_count": 2,
  "content_length": 2135,
  "pdf_metadata": {
    "format": "PDF 1.7",
    "title": "TITLE",
    "author": "Magar, Pratik",
    "subject": "",
    "keywords": "",
    "creator": "Microsoft® PowerPoint® for Microsoft 365",
    "producer": "Microsoft® PowerPoint® for Microsoft 365",
    "creationDate": "D:20250923144834+05'30'",
    "modDate": "D:20250923144834+05'30'",
    "trapped": "",
    "encryption": null
  },
  "hash": "c79ffe8d8d93c71299df1503ab45efb1",
  "language": "en",
  "ingested_at": "2025-10-16T18:43:48.927584+00:00",
  "content_preview": "GROUP PRIORITY – DATA & AI\nMAIN GROUP OFFER – AI ANALYTICS & DATA \nSCIENCE\nSERVICE OFFERING – GENERATIVE AI FOR \nCUSTOMER EXPERIENCE\nSECTOR – INSURANCE\nGenAI - Customer Support \nAssistant for Customer Care \nAgents to Answer Complex \nLending and \nCompliance Questions\nMarch 2024\n\n2\nCompany Confidential © Capgemini 2024. All rights reserved  |\nGENAI CUSTOMER SUPPORT ASSISTANT\nGenAI - Customer Support Assistant for Customer Care Agents \nto Answer Complex Lending and Compliance Questions\nContext/Market Positioning & Competition: The client, recognized as the \nworld's largest credit union, serves over 13 million members with assets \nexceeding $160 billion and a dedicated team of 24,000+. Operating across \n350+ branches globally, they cater to the Armed Forces, Department of \nDefence, veterans, and families, delivering top-tier financial services.\nChallenges/Pain points: \n▪Integrating Power Virtual Agents with OpenAI and databases.\n▪Adapting agents to the new chat system may face resistance, requiring \ntraining.\n▪Ensuring accurate responses, particularly for complex queries.\nGain points:\n▪Allows Customer Service Reps to access a knowledge base of 25,000 \npolicy and procedure documents with a simple GenAI chat interface\n▪Minimized training costs and reliable information make the solution cost-\neffective.\n▪Power Virtual Agents and Open AI's RAG enable quick and efficient \nresponses.\nApproach & Solution:\n▪Combine Power Virtual Agents (PVA) with Retrieval Augmented \nGeneration.\n▪PVA use",
  "overview_summary": "GROUP PRIORITY – DATA & AI MAIN GROUP OFFER – AI ANALYTICS & DATA  SCIENCE SERVICE OFFERING – GENERATIVE AI FOR  CUSTOMER EXPERIENCE SECTOR – INSURANCE GenAI - Customer Support  Assistant for Customer Care  Agents to Answer Complex  Lending and  Compliance Questions March 2024  2 Company Confidentia...",
  "content_summary": {
    "summary": "GROUP PRIORITY – DATA & AI MAIN GROUP OFFER – AI ANALYTICS & DATA  SCIENCE SERVICE OFFERING – GENERATIVE AI FOR  CUSTOMER EXPERIENCE SECTOR – INSURANCE GenAI - Customer Support  Assistant for Customer Care  Agents to Answer Complex  Lending and  Compliance Questions March 2024  2 Company Confidentia...",
    "word_count": 302,
    "page_count": 2
  },
  "classification": {
    "document_type": "RFX Response",
    "sub_type": "Technical Proposal",
    "group_priority": "Medium",
    "sector": "General",
    "service_offerings": [
      "Consulting"
    ]
  },
  "industry_tags": {
    "industries": [
      "Legal",
      "Retail",
      "Technology",
      "Finance"
    ],
    "domains": [
      "user queries",
      "AI",
      "the solution",
      "a knowledge base",
      "veterans",
      "▪Power Virtual Agents",
      "a dedicated team",
      "All rights",
      "The client",
      "assets"
    ]
  },
  "entities": {
    "clients": [
      "AI ANALYTICS & DATA",
      "Answer Complex Lending",
      "AI ANALYTICS & DATA SCIENCE\nCUSTOMER",
      "FS",
      "NORTH \nAMERICA",
      "Customer Care \nAgents",
      "Customer Care Agents",
      "Shareable Post Account Anonymization",
      "DATA & AI\n",
      "NA",
      "▪Ensuring",
      "Challenges/Pain",
      "Knowledge Bases",
      "Retrieval Augmented \nGeneration",
      "MAIN GROUP OFFER",
      "Combine Power Virtual Agents",
      "the Armed Forces, Department",
      "PVA",
      "AIADS",
      "Approach & Solution",
      "Context/Market Positioning & Competition"
    ],
    "products": [
      "AI ANALYTICS & DATA",
      "Answer Complex Lending",
      "AI ANALYTICS & DATA SCIENCE\nCUSTOMER",
      "FS",
      "NORTH \nAMERICA",
      "Customer Care \nAgents",
      "Customer Care Agents",
      "Shareable Post Account Anonymization",
      "DATA & AI\n",
      "NA",
      "▪Ensuring",
      "Challenges/Pain",
      "Knowledge Bases",
      "Retrieval Augmented \nGeneration",
      "MAIN GROUP OFFER",
      "Combine Power Virtual Agents",
      "the Armed Forces, Department",
      "PVA",
      "AIADS",
      "Approach & Solution",
      "Context/Market Positioning & Competition"
    ],
    "technologies": [],
    "partners": [
      "AI ANALYTICS & DATA",
      "Answer Complex Lending",
      "AI ANALYTICS & DATA SCIENCE\nCUSTOMER",
      "FS",
      "NORTH \nAMERICA",
      "Customer Care \nAgents",
      "Customer Care Agents",
      "Shareable Post Account Anonymization",
      "DATA & AI\n",
      "NA",
      "▪Ensuring",
      "Challenges/Pain",
      "Knowledge Bases",
      "Retrieval Augmented \nGeneration",
      "MAIN GROUP OFFER",
      "Combine Power Virtual Agents",
      "the Armed Forces, Department",
      "PVA",
      "AIADS",
      "Approach & Solution",
      "Context/Market Positioning & Competition"
    ]
  },
  "extraction_time_sec": 1.64
}