{
  "id": "db8b9093c2a0",
  "filename": "Capgeminis_response_to_FirmX_-_formatted.pdf",
  "relative_path": "Capgeminis_response_to_FirmX_-_formatted.pdf",
  "extension": ".pdf",
  "tags": {
    "domain": "User",
    "region": "Unknown",
    "client": "Unknown"
  },
  "file_size_bytes": 4398441,
  "last_modified": "2025-11-06T12:54:48.003990",
  "page_count": 33,
  "content_length": 41095,
  "pdf_metadata": {
    "format": "PDF 1.7",
    "title": "ppt template",
    "author": "Capgemini",
    "subject": "",
    "keywords": "",
    "creator": "Microsoft® PowerPoint® for Microsoft 365",
    "producer": "Microsoft® PowerPoint® for Microsoft 365",
    "creationDate": "D:20250923161223+05'30'",
    "modDate": "D:20250923161223+05'30'",
    "trapped": "",
    "encryption": null
  },
  "hash": "db8b9093c2a071da9bc9a4e035f0d50e",
  "language": "en",
  "ingested_at": "2025-11-06T07:24:52.272918+00:00",
  "content_preview": "Capgemini’s Response to FirmX\nData Classification \nand Synthetic Data \nAugust 2025\n\nThe information contained in this document is proprietary. Copyright © 2025 Capgemini. All rights reserved. |\n2\nNotice to the recipient of this proposal (“Collins”)\nThe information contained herein, as well as any information shared by Capgemini in furtherance of this proposal, are the proprietary and confidential information \n(“Confidential Information”) of Capgemini, and their release would offer substantial benefit to competitors offering similar services.  The Confidential Information includes \ndescriptions of methodologies and concepts derived through substantial research and development efforts undertaken by Capgemini. Recipient shall use this proposal and/or \nany Confidential Information solely for the purpose of evaluation for contract award.  If Capgemini and Recipient are not otherwise parties to a non-disclosure agreement which \nprotects Capgemini’s Confidential Information herein, Recipient agrees to maintain in confidence and not to disclose the Confidential Information except to its employees or \nagents on a “need to know basis.” Your acceptance of the submission of this proposal and evaluation thereof indicates your agreement to these terms. It is the position of \nCapgemini that this proposal and/or Confidential Information are not considered subject to release under the Freedom of Information Act, if applicable.\nCopyright 2025 Capgemini America, Inc. All rights reserved. No par",
  "overview_summary": "Capgemini’s Response to FirmX Data Classification  and Synthetic Data  August 2025  The information contained in this document is proprietary. Copyright © 2025 Capgemini. All rights reserved. | 2 Notice to the recipient of this proposal (“Collins”) The information contained herein, as well as any in...",
  "content_summary": {
    "summary": "Capgemini’s Response to FirmX Data Classification  and Synthetic Data  August 2025  The information contained in this document is proprietary. Copyright © 2025 Capgemini. All rights reserved. | 2 Notice to the recipient of this proposal (“Collins”) The information contained herein, as well as any in...",
    "word_count": 5743,
    "page_count": 33
  },
  "classification": {
    "document_type": "RFX Response",
    "sub_type": "Technical Proposal",
    "group_priority": "Medium",
    "sector": "General",
    "service_offerings": [
      "Consulting"
    ]
  },
  "industry_tags": {
    "industries": [
      "Technology",
      "Education",
      "Retail",
      "Legal",
      "Healthcare",
      "Manufacturing",
      "Finance"
    ],
    "domains": [
      "Sales",
      "AI",
      "50 Tables",
      "non-SAP systems",
      "plan",
      "repository reviews",
      "validation sessions",
      "Classification Rules Repository",
      "commercially reasonable efforts",
      "direct access"
    ]
  },
  "entities": {
    "clients": [
      "Discovery & Preparation",
      "Data Distribution",
      "Classification Engine - Row Level Classification",
      "Data Labeling Using GenAI",
      "• Operate",
      "Business Glossary\nTable/Column \nClassification",
      "SAP Functional SME(s",
      "Media & Technology",
      "Field, Key, Initial",
      "K Records",
      "Based on GenAI",
      "AI",
      "• Enable",
      "AI GenAI Libraries",
      "CRM",
      "Key",
      "Compliancy",
      "Post-POC",
      "HFS Horizons",
      "Classification Rules Repository",
      "SME Validation & Feedback\nConduct",
      "Capgemini’s Insights & Data Footprint",
      "AI/NLP",
      "Data Scientists",
      "Feedback Loop",
      "The Confidential Information",
      "Risks Sections / Dependencies",
      "Data Stewards\n•\n",
      "Execution Scope with Testing / Validations\nScope of Activities",
      "Feedback Loop and Retraining: Incorporate",
      "SAP Table Data",
      "Data",
      "SAP Table Data and Compliance Analysis: Understand",
      "Table/Column Classification",
      "Acceptance Criteria",
      "SAP ABAP Developer\nTester\nStreamlit UI \nDeveloper\nAI/GenAI Architect\nIndustry & Innovation",
      "Data Extraction and Business Glossary Preparation: Extract",
      "Business Glossary Review",
      "Energy Transition & Utilities",
      "Domain Data",
      "Populated Functional \nTeam/LOB",
      "ERP",
      "USD",
      "Confidential Information",
      "AI/ML/NLP/GenAI\nModel Validation",
      "Everest Group:",
      "Synthetic Data",
      "LOB",
      "AI/Gen AI Architect\n▪Industry and Innovation SME\nStrong",
      "Generative Adversarial \nNetworks",
      "D&A",
      "Capgemini’s Confidential Information",
      "Synthetic Data Generation\n▪\n",
      "Download File",
      "Deliverables\nProject \nInitiation\nTeam Onboarding\nOnboarding",
      "non-SAP",
      "AI/GenAI",
      "Globe",
      "Synthetic Data Generation:",
      "Business Glossary Review by Functional",
      "Vectorizing \nCompliance Rules",
      "Applied Innovation \nExchange",
      "Capgemini Environment Setup",
      "Capgemini Research Institute\nRanked",
      "COMPETENCY HIGHLIGHTS\n",
      "Data Element, Data \nType, Length",
      "UI Development and Validation",
      "UI Development\nStreamlit UI Development\nSimple Functional",
      "AWS",
      "Data \nOwner with Functional",
      "Hypercare",
      "SAP CoE",
      "APPROACH & SOLUTION",
      "Validate",
      "International Traffic in Arms Regulations",
      "GenAI + Rules",
      "Customer",
      "CLARA",
      "SAP Table Data and Compliance Complexity \nAnalysis",
      "Core \nBanking Services",
      "Git \nConfiguration\nConfigured VM",
      "AI Service \nProviders",
      "ITAR & PII",
      "NLP",
      "Capgemini America, Inc.",
      "Loop\nSAP Extract\nLanding Area\nProduction Scope\nOut",
      "PII",
      "CSV",
      "Personally Identifiable Information",
      "Dear Collins",
      "Performance, Relationship, Contracting, Quarterly Forecast",
      "Table/Column \nClassification\nClassification Report \nHuman",
      "GenAI - Synthetic Data",
      "Consumer Products & Retail",
      "the Capgemini Group",
      "Sample Data",
      "Develop",
      "Classification Rules Repository for ITAR",
      "Referential Integrity",
      "Data Distribution \nSynthetic Data \nGeneration\nSAP ECC \nData Masking",
      "the Export Control Categorization Number (ECCN",
      "Data Owners",
      "Digital Inclusion",
      "GROUP",
      "CHALLENGES/PAIN",
      "SAP",
      "IDE",
      "SME Validation",
      "Data Labelling",
      "LLM",
      "Generate 5K Data",
      "Artificial Data \nAmplifier",
      "GenAI",
      "Development \n& deployment",
      "AI/GenAI Developers",
      "ITAR",
      "Classification Engine",
      "Project & Work \nManagement\nPMO",
      "Procure",
      "Data Extraction and Business Glossary Preparation Including \nFunctional",
      "Vectorise the Compliancy \nRules",
      "UI",
      "Train Models for Identifying \n",
      "the General Data Protection Regulation",
      "Manufacturing & Life Sciences",
      "Production Planning",
      "Overall Solution Approach",
      "Classification Rules Repository:",
      "Agenda",
      "Material Management",
      "Capgemini Environment Setup and Availability",
      "AI/NLP Comparison",
      "Synthetic Data \nCreation for Training AI \nModels on",
      "AIE",
      "Data Analytics",
      "Capgemini & Collins",
      "Steering\nCommittee\nProgram\nGovernance\nEngagement Executive",
      "Calls\nWeekly Status Calls\nDaily Status Calls\n▪Engagement Executive",
      "IMMUTA",
      "Decimal",
      "GenAI + Compliancy Repository Rules",
      "Data Preparation and Classification",
      "the POC Scope",
      "Classification Rules & Compliance\nDefine",
      "SME",
      "Dependencies",
      "Model Life Cycle Management",
      "Synthetic Data Generation Implementation",
      "▪Issue resolution & \n",
      "AI Services",
      "Capgemini America",
      "Generate 5",
      "Media                   \n& \nTechnology\nServices",
      "CoE",
      "Taxes",
      "Project Initiation",
      "Financial Services",
      "Defense Data",
      "Faster Time",
      "AI/Gen \nAI",
      "Data Extraction & Preparation\nExtract SAP",
      "AI/GenAI & Python",
      "QA",
      "UI Usability",
      "Synthetic Data Generation\nKEY GOALS",
      "K Data",
      "Risks & Mitigations\nSr",
      "SD",
      "Table",
      "CUI",
      "• Define POC",
      "Program Governance & Functional Expertise",
      "AI \nAnalytics & Data \nScience, Generative AI",
      "• Generate",
      "Data Masking",
      "UAT",
      "Table/Column \nClassification (GenAI + Compliance Rules",
      "Environmental Sustainability",
      "Operations & \nEngineering\nApplications \n& Technology\nFinancia",
      "PP",
      "CDO",
      "Automotive & \nLifesciences\nConsumer \nGoods & \nRetail\nPublic \nSector\nEnergy  & \nUtilities\nTelco",
      "Classification Engine Development\nDevelop",
      "Classification",
      "Sample Synthetic Data Generation",
      "Commercials\n\nAcceptance Criteria",
      "EAR",
      "Capgemini \nVentures\nBusiness \nVentures",
      "AI Analytics & Data Science Core Offer\n",
      "APAC & LATAM\n",
      "Discovery\nData Extraction and Business Glossary \nPreparation",
      "EUROPE",
      "POC",
      "Data Labeling and Vectorization",
      "SAP System",
      "AI & Analytics",
      "Medical Data\nCASE STUDY\nENTERPRISE MANAGEMENT\nAccelerates\nQA",
      "Excel",
      "AL/ML",
      "Sample Synthetic Data Generation:"
    ],
    "products": [
      "Discovery & Preparation",
      "Data Distribution",
      "Classification Engine - Row Level Classification",
      "Data Labeling Using GenAI",
      "• Operate",
      "Business Glossary\nTable/Column \nClassification",
      "SAP Functional SME(s",
      "Media & Technology",
      "Field, Key, Initial",
      "K Records",
      "Based on GenAI",
      "AI",
      "• Enable",
      "AI GenAI Libraries",
      "CRM",
      "Key",
      "Compliancy",
      "Post-POC",
      "HFS Horizons",
      "Classification Rules Repository",
      "SME Validation & Feedback\nConduct",
      "Capgemini’s Insights & Data Footprint",
      "AI/NLP",
      "Data Scientists",
      "Feedback Loop",
      "The Confidential Information",
      "Risks Sections / Dependencies",
      "Data Stewards\n•\n",
      "Execution Scope with Testing / Validations\nScope of Activities",
      "Feedback Loop and Retraining: Incorporate",
      "SAP Table Data",
      "Data",
      "SAP Table Data and Compliance Analysis: Understand",
      "Table/Column Classification",
      "Acceptance Criteria",
      "SAP ABAP Developer\nTester\nStreamlit UI \nDeveloper\nAI/GenAI Architect\nIndustry & Innovation",
      "Data Extraction and Business Glossary Preparation: Extract",
      "Business Glossary Review",
      "Energy Transition & Utilities",
      "Domain Data",
      "Populated Functional \nTeam/LOB",
      "ERP",
      "USD",
      "Confidential Information",
      "AI/ML/NLP/GenAI\nModel Validation",
      "Everest Group:",
      "Synthetic Data",
      "LOB",
      "AI/Gen AI Architect\n▪Industry and Innovation SME\nStrong",
      "Generative Adversarial \nNetworks",
      "D&A",
      "Capgemini’s Confidential Information",
      "Synthetic Data Generation\n▪\n",
      "Download File",
      "Deliverables\nProject \nInitiation\nTeam Onboarding\nOnboarding",
      "non-SAP",
      "AI/GenAI",
      "Globe",
      "Synthetic Data Generation:",
      "Business Glossary Review by Functional",
      "Vectorizing \nCompliance Rules",
      "Applied Innovation \nExchange",
      "Capgemini Environment Setup",
      "Capgemini Research Institute\nRanked",
      "COMPETENCY HIGHLIGHTS\n",
      "Data Element, Data \nType, Length",
      "UI Development and Validation",
      "UI Development\nStreamlit UI Development\nSimple Functional",
      "AWS",
      "Data \nOwner with Functional",
      "Hypercare",
      "SAP CoE",
      "APPROACH & SOLUTION",
      "Validate",
      "International Traffic in Arms Regulations",
      "GenAI + Rules",
      "Customer",
      "CLARA",
      "SAP Table Data and Compliance Complexity \nAnalysis",
      "Core \nBanking Services",
      "Git \nConfiguration\nConfigured VM",
      "AI Service \nProviders",
      "ITAR & PII",
      "NLP",
      "Capgemini America, Inc.",
      "Loop\nSAP Extract\nLanding Area\nProduction Scope\nOut",
      "PII",
      "CSV",
      "Personally Identifiable Information",
      "Dear Collins",
      "Performance, Relationship, Contracting, Quarterly Forecast",
      "Table/Column \nClassification\nClassification Report \nHuman",
      "GenAI - Synthetic Data",
      "Consumer Products & Retail",
      "the Capgemini Group",
      "Sample Data",
      "Develop",
      "Classification Rules Repository for ITAR",
      "Referential Integrity",
      "Data Distribution \nSynthetic Data \nGeneration\nSAP ECC \nData Masking",
      "the Export Control Categorization Number (ECCN",
      "Data Owners",
      "Digital Inclusion",
      "GROUP",
      "CHALLENGES/PAIN",
      "SAP",
      "IDE",
      "SME Validation",
      "Data Labelling",
      "LLM",
      "Generate 5K Data",
      "Artificial Data \nAmplifier",
      "GenAI",
      "Development \n& deployment",
      "AI/GenAI Developers",
      "ITAR",
      "Classification Engine",
      "Project & Work \nManagement\nPMO",
      "Procure",
      "Data Extraction and Business Glossary Preparation Including \nFunctional",
      "Vectorise the Compliancy \nRules",
      "UI",
      "Train Models for Identifying \n",
      "the General Data Protection Regulation",
      "Manufacturing & Life Sciences",
      "Production Planning",
      "Overall Solution Approach",
      "Classification Rules Repository:",
      "Agenda",
      "Material Management",
      "Capgemini Environment Setup and Availability",
      "AI/NLP Comparison",
      "Synthetic Data \nCreation for Training AI \nModels on",
      "AIE",
      "Data Analytics",
      "Capgemini & Collins",
      "Steering\nCommittee\nProgram\nGovernance\nEngagement Executive",
      "Calls\nWeekly Status Calls\nDaily Status Calls\n▪Engagement Executive",
      "IMMUTA",
      "Decimal",
      "GenAI + Compliancy Repository Rules",
      "Data Preparation and Classification",
      "the POC Scope",
      "Classification Rules & Compliance\nDefine",
      "SME",
      "Dependencies",
      "Model Life Cycle Management",
      "Synthetic Data Generation Implementation",
      "▪Issue resolution & \n",
      "AI Services",
      "Capgemini America",
      "Generate 5",
      "Media                   \n& \nTechnology\nServices",
      "CoE",
      "Taxes",
      "Project Initiation",
      "Financial Services",
      "Defense Data",
      "Faster Time",
      "AI/Gen \nAI",
      "Data Extraction & Preparation\nExtract SAP",
      "AI/GenAI & Python",
      "QA",
      "UI Usability",
      "Synthetic Data Generation\nKEY GOALS",
      "K Data",
      "Risks & Mitigations\nSr",
      "SD",
      "Table",
      "CUI",
      "• Define POC",
      "Program Governance & Functional Expertise",
      "AI \nAnalytics & Data \nScience, Generative AI",
      "• Generate",
      "Data Masking",
      "UAT",
      "Table/Column \nClassification (GenAI + Compliance Rules",
      "Environmental Sustainability",
      "Operations & \nEngineering\nApplications \n& Technology\nFinancia",
      "PP",
      "CDO",
      "Automotive & \nLifesciences\nConsumer \nGoods & \nRetail\nPublic \nSector\nEnergy  & \nUtilities\nTelco",
      "Classification Engine Development\nDevelop",
      "Classification",
      "Sample Synthetic Data Generation",
      "Commercials\n\nAcceptance Criteria",
      "EAR",
      "Capgemini \nVentures\nBusiness \nVentures",
      "AI Analytics & Data Science Core Offer\n",
      "APAC & LATAM\n",
      "Discovery\nData Extraction and Business Glossary \nPreparation",
      "EUROPE",
      "POC",
      "Data Labeling and Vectorization",
      "SAP System",
      "AI & Analytics",
      "Medical Data\nCASE STUDY\nENTERPRISE MANAGEMENT\nAccelerates\nQA",
      "Excel",
      "AL/ML",
      "Sample Synthetic Data Generation:"
    ],
    "technologies": [
      "Azure"
    ],
    "partners": [
      "Discovery & Preparation",
      "Data Distribution",
      "Classification Engine - Row Level Classification",
      "Data Labeling Using GenAI",
      "• Operate",
      "Business Glossary\nTable/Column \nClassification",
      "SAP Functional SME(s",
      "Media & Technology",
      "Field, Key, Initial",
      "K Records",
      "Based on GenAI",
      "AI",
      "• Enable",
      "AI GenAI Libraries",
      "CRM",
      "Key",
      "Compliancy",
      "Post-POC",
      "HFS Horizons",
      "Classification Rules Repository",
      "SME Validation & Feedback\nConduct",
      "Capgemini’s Insights & Data Footprint",
      "AI/NLP",
      "Data Scientists",
      "Feedback Loop",
      "The Confidential Information",
      "Risks Sections / Dependencies",
      "Data Stewards\n•\n",
      "Execution Scope with Testing / Validations\nScope of Activities",
      "Feedback Loop and Retraining: Incorporate",
      "SAP Table Data",
      "Data",
      "SAP Table Data and Compliance Analysis: Understand",
      "Table/Column Classification",
      "Acceptance Criteria",
      "SAP ABAP Developer\nTester\nStreamlit UI \nDeveloper\nAI/GenAI Architect\nIndustry & Innovation",
      "Data Extraction and Business Glossary Preparation: Extract",
      "Business Glossary Review",
      "Energy Transition & Utilities",
      "Domain Data",
      "Populated Functional \nTeam/LOB",
      "ERP",
      "USD",
      "Confidential Information",
      "AI/ML/NLP/GenAI\nModel Validation",
      "Everest Group:",
      "Synthetic Data",
      "LOB",
      "AI/Gen AI Architect\n▪Industry and Innovation SME\nStrong",
      "Generative Adversarial \nNetworks",
      "D&A",
      "Capgemini’s Confidential Information",
      "Synthetic Data Generation\n▪\n",
      "Download File",
      "Deliverables\nProject \nInitiation\nTeam Onboarding\nOnboarding",
      "non-SAP",
      "AI/GenAI",
      "Globe",
      "Synthetic Data Generation:",
      "Business Glossary Review by Functional",
      "Vectorizing \nCompliance Rules",
      "Applied Innovation \nExchange",
      "Capgemini Environment Setup",
      "Capgemini Research Institute\nRanked",
      "COMPETENCY HIGHLIGHTS\n",
      "Data Element, Data \nType, Length",
      "UI Development and Validation",
      "UI Development\nStreamlit UI Development\nSimple Functional",
      "AWS",
      "Data \nOwner with Functional",
      "Hypercare",
      "SAP CoE",
      "APPROACH & SOLUTION",
      "Validate",
      "International Traffic in Arms Regulations",
      "GenAI + Rules",
      "Customer",
      "CLARA",
      "SAP Table Data and Compliance Complexity \nAnalysis",
      "Core \nBanking Services",
      "Git \nConfiguration\nConfigured VM",
      "AI Service \nProviders",
      "ITAR & PII",
      "NLP",
      "Capgemini America, Inc.",
      "Loop\nSAP Extract\nLanding Area\nProduction Scope\nOut",
      "PII",
      "CSV",
      "Personally Identifiable Information",
      "Dear Collins",
      "Performance, Relationship, Contracting, Quarterly Forecast",
      "Table/Column \nClassification\nClassification Report \nHuman",
      "GenAI - Synthetic Data",
      "Consumer Products & Retail",
      "the Capgemini Group",
      "Sample Data",
      "Develop",
      "Classification Rules Repository for ITAR",
      "Referential Integrity",
      "Data Distribution \nSynthetic Data \nGeneration\nSAP ECC \nData Masking",
      "the Export Control Categorization Number (ECCN",
      "Data Owners",
      "Digital Inclusion",
      "GROUP",
      "CHALLENGES/PAIN",
      "SAP",
      "IDE",
      "SME Validation",
      "Data Labelling",
      "LLM",
      "Generate 5K Data",
      "Artificial Data \nAmplifier",
      "GenAI",
      "Development \n& deployment",
      "AI/GenAI Developers",
      "ITAR",
      "Classification Engine",
      "Project & Work \nManagement\nPMO",
      "Procure",
      "Data Extraction and Business Glossary Preparation Including \nFunctional",
      "Vectorise the Compliancy \nRules",
      "UI",
      "Train Models for Identifying \n",
      "the General Data Protection Regulation",
      "Manufacturing & Life Sciences",
      "Production Planning",
      "Overall Solution Approach",
      "Classification Rules Repository:",
      "Agenda",
      "Material Management",
      "Capgemini Environment Setup and Availability",
      "AI/NLP Comparison",
      "Synthetic Data \nCreation for Training AI \nModels on",
      "AIE",
      "Data Analytics",
      "Capgemini & Collins",
      "Steering\nCommittee\nProgram\nGovernance\nEngagement Executive",
      "Calls\nWeekly Status Calls\nDaily Status Calls\n▪Engagement Executive",
      "IMMUTA",
      "Decimal",
      "GenAI + Compliancy Repository Rules",
      "Data Preparation and Classification",
      "the POC Scope",
      "Classification Rules & Compliance\nDefine",
      "SME",
      "Dependencies",
      "Model Life Cycle Management",
      "Synthetic Data Generation Implementation",
      "▪Issue resolution & \n",
      "AI Services",
      "Capgemini America",
      "Generate 5",
      "Media                   \n& \nTechnology\nServices",
      "CoE",
      "Taxes",
      "Project Initiation",
      "Financial Services",
      "Defense Data",
      "Faster Time",
      "AI/Gen \nAI",
      "Data Extraction & Preparation\nExtract SAP",
      "AI/GenAI & Python",
      "QA",
      "UI Usability",
      "Synthetic Data Generation\nKEY GOALS",
      "K Data",
      "Risks & Mitigations\nSr",
      "SD",
      "Table",
      "CUI",
      "• Define POC",
      "Program Governance & Functional Expertise",
      "AI \nAnalytics & Data \nScience, Generative AI",
      "• Generate",
      "Data Masking",
      "UAT",
      "Table/Column \nClassification (GenAI + Compliance Rules",
      "Environmental Sustainability",
      "Operations & \nEngineering\nApplications \n& Technology\nFinancia",
      "PP",
      "CDO",
      "Automotive & \nLifesciences\nConsumer \nGoods & \nRetail\nPublic \nSector\nEnergy  & \nUtilities\nTelco",
      "Classification Engine Development\nDevelop",
      "Classification",
      "Sample Synthetic Data Generation",
      "Commercials\n\nAcceptance Criteria",
      "EAR",
      "Capgemini \nVentures\nBusiness \nVentures",
      "AI Analytics & Data Science Core Offer\n",
      "APAC & LATAM\n",
      "Discovery\nData Extraction and Business Glossary \nPreparation",
      "EUROPE",
      "POC",
      "Data Labeling and Vectorization",
      "SAP System",
      "AI & Analytics",
      "Medical Data\nCASE STUDY\nENTERPRISE MANAGEMENT\nAccelerates\nQA",
      "Excel",
      "AL/ML",
      "Sample Synthetic Data Generation:"
    ]
  },
  "extraction_time_sec": 4.269
}