{
  "id": "9003e90a2a50",
  "filename": "Capgemini_Response_-_FirmX_Procure_Services.pdf",
  "relative_path": "Capgemini_Response_-_FirmX_Procure_Services.pdf",
  "extension": ".pdf",
  "tags": {
    "domain": "User",
    "region": "Unknown",
    "client": "Unknown"
  },
  "file_size_bytes": 5954343,
  "last_modified": "2025-11-03T14:36:37.671924",
  "page_count": 52,
  "content_length": 67524,
  "pdf_metadata": {
    "format": "PDF 1.7",
    "title": "",
    "author": "Khanvilkar, Ashish",
    "subject": "",
    "keywords": "",
    "creator": "Microsoft® PowerPoint® for Microsoft 365",
    "producer": "Microsoft® PowerPoint® for Microsoft 365",
    "creationDate": "D:20250923162432+05'30'",
    "modDate": "D:20250923162432+05'30'",
    "trapped": "",
    "encryption": null
  },
  "hash": "9003e90a2a5007fdb436d7ecd827f26e",
  "language": "en",
  "ingested_at": "2025-11-03T09:06:43.046496+00:00",
  "content_preview": "Helping our customers\nCapgemini Proposal Response 8-29-25\nFirmX Procure Development \nResources RFP\n\nFirmX Procure Development Resources RFP  |  August 2025\nThe information contained in this document is proprietary. Copyright © 2025 Capgemini. All rights reserved. |\n2\nNOTICE TO THE RECIPIENT OF THIS PROPOSAL (“Recipient”) \nThe information contained herein, as well as any information shared by Capgemini in furtherance of this proposal, are the proprietary and confidential information \n(“Confidential Information”) of Capgemini, and their release would offer substantial benefit to competitors offering similar services.  The Confidential Information includes \ndescriptions of methodologies and concepts derived through substantial research and development efforts undertaken by Capgemini.  Recipient shall use this proposal and/or \nany Confidential Information solely for the purpose of evaluation for contract award.  If Capgemini and Recipient are not otherwise parties to a non-disclosure agreement which \nprotects Capgemini’s Confidential Information herein, Recipient agrees to maintain in confidence and not to disclose the Confidential Information except to its employees or \nagents on a “need to know basis.” Your acceptance of the submission of this proposal and evaluation thereof indicates your agreement to these terms. It is the position of \nCapgemini that this proposal and/or Confidential Information are not considered subject to release under the Freedom of Information Act, if ap",
  "overview_summary": "Helping our customers Capgemini Proposal Response 8-29-25 FirmX Procure Development  Resources RFP  FirmX Procure Development Resources RFP  |  August 2025 The information contained in this document is proprietary. Copyright © 2025 Capgemini. All rights reserved. | 2 NOTICE TO THE RECIPIENT OF THIS ...",
  "content_summary": {
    "summary": "Helping our customers Capgemini Proposal Response 8-29-25 FirmX Procure Development  Resources RFP  FirmX Procure Development Resources RFP  |  August 2025 The information contained in this document is proprietary. Copyright © 2025 Capgemini. All rights reserved. | 2 NOTICE TO THE RECIPIENT OF THIS ...",
    "word_count": 9519,
    "page_count": 52
  },
  "classification": {
    "document_type": "RFX Response",
    "sub_type": "Technical Proposal",
    "group_priority": "Medium",
    "sector": "General",
    "service_offerings": [
      "Consulting"
    ]
  },
  "industry_tags": {
    "industries": [
      "Retail",
      "Manufacturing",
      "Education",
      "Legal",
      "Technology",
      "Finance"
    ],
    "domains": [
      "SLAs",
      "SDM",
      "1000 + ETLs",
      "Hybrid Cloud markets",
      "SUPPORT",
      "83\nInvoice Analysis",
      "tools",
      "operating \nmodel",
      "Onshore Team\nProximity",
      "8\nWE"
    ]
  },
  "entities": {
    "clients": [
      "Apps Planning/Analysis/Design/Build\n▪",
      "Control-M",
      "Advisory Services",
      "Capgemini Offshore Delivery Centers",
      "Credit",
      "Capgemini Change Management Program",
      "Capgemini America, Inc.",
      "Global Force\nPartnership",
      "SnapLogic",
      "Capgemini Practice",
      "Onshore Team\nProximity",
      "Estimation, Design, Coding,",
      "Digital Inclusion",
      "Delivery Service Providers",
      "Single Source of Truth",
      "Smart",
      "Demand / Capacity Management",
      "Discovery",
      "Data & AI",
      "Building Data Lake",
      "Supplier Performance Management",
      "Alliance Partner",
      "CAT Digital",
      "IBM Positioned",
      "Data-Power",
      "Implementation of Agile/DevOps",
      "Data Engineers",
      "S3",
      "Capgemini Research Institute",
      "Core Team\nQtrs",
      "Automotive & \nLifesciences\nConsumer \nGoods & \nRetail\nPublic \nSector\nEnergy  & \nUtilities\nTelco",
      "Snaplogic",
      "Reseller",
      "Integration Maturity Model\nIntegration Factory",
      "WE ARE ARCHITECTS OF POSITIVE FUTURES\nDiversity & Inclusion",
      "Available Pool\nExternal Hires",
      "Network",
      "PROcure",
      "CAT Engineering\nOur Relationship in Action\nCapgemini Values \nOur Relationship\n",
      "the Capgemini Group",
      "IDC",
      "Data Validation",
      "Project\nKey Success",
      "Product Owners &",
      "& Alignment\nSprint Delivery\nAdvisory Function",
      "Award",
      "Microsoft",
      "Capgemini Research Institute \nRanked",
      "AI",
      "Target Database",
      "Sprint",
      "Retrospect Sprint Meeting",
      "Accurate",
      "PO & \nInvoice",
      "Delivering Data",
      "AI, Analytics & Data",
      "Innovation & \n",
      "Leading Energy Company",
      "Oversee",
      "Contract Management",
      "Hadoop",
      "ADM Backlog",
      "Offshore Team\nCapgemini Team",
      "Sustainability Data \nPlatform",
      "Business Automation, Intelligent Asset Management",
      "Commodity Classification",
      "the \nData & AI",
      "ERP",
      "Standardized Sprint",
      "Data Migration",
      "Deployed",
      "PI \nPlanning\nResource",
      "Develop Transparency \n& Confidence\nONGOING COMMUNICATION",
      "Incident",
      "Establish Sourcing",
      "Change & Demand \nManagement",
      "Status / Risk / Communication",
      "Migrate Tables/Views",
      "Global Snowflake",
      "Capgemini Insights & Data",
      "FIRMX & CAPGEMINI\nSTACIE CRISP\nBusiness Development Exec\nCapgemini  MALS-",
      "Capgemini America",
      "Cat",
      "Parameter Management",
      "Lead - Snowflake",
      "Business Value\n▪Process Re-design",
      "Self- \nService Knowledge",
      "& Contract Analytics\nSourcing Management\nKPI’s",
      "Increment",
      "Global Microservices Strategy",
      "Finalize Design & Scope\nFlex Team",
      "GROUP",
      "ChainSys Data Zap",
      "Architecture",
      "Release Management",
      "Everest Group’s",
      "Global Awareness Sessions",
      "the FirmX Resource Group",
      "Our Partnership & Value Proposition to Address",
      "DQOps",
      "Performance, Relationship, Contracting, Quarterly Forecast",
      "MuleSoft",
      "Digital",
      "CIF",
      "ICW Fixes",
      "IBM ACE",
      "Ikea",
      "Cross Reference/Data Enrichment Services",
      "Define Success \nMetrics & Quick \nWins\nDeliverables\nLaunch\n\n",
      "Optimization\n▪Business Adoption",
      "SMART",
      "CAT FSG",
      "Model",
      "ETHICS",
      "CPU & Memory",
      "Oracle Fusion",
      "CAT",
      "ETL",
      "Innovation Function",
      "Identified",
      "Media                   \n& Technology\nServices",
      "Develop Work Products and Features",
      "Procure Development \nResources",
      "Global Snowflake Practice",
      "CxO",
      "Compelling Client Value\n",
      "Delivery Services",
      "Procure Development Resources",
      "Monitoring & Automated Alerts\n▪Value Add",
      "The Confidential Information",
      "Establish Program",
      "Operational Procurement\nEnterprise Procurement\nIntelligent Procurement\nCognitive Procurement\nEffective",
      "Smart Procurement Management",
      "Solar Digital",
      "Confidential Information",
      "Process Analysis",
      "Intelligent Products\nDesign &\nEngineering \nIntelligent \nOperations\n",
      "Insights & Data",
      "Data Driven",
      "Cross-Program Synergies & Cost Savings",
      "PLM",
      "the Enterprise Procurement Data Platform (EPDP",
      "Data",
      "CBS",
      "Matillion/Snowflake",
      "Data Alignment",
      "KPI",
      "Fuzzy, Levenshtein",
      "CORE Team\nFlex Team",
      "DevOps",
      "Draft Governance & RACI",
      "Complete MDM Rollout",
      "Test Coordinator",
      "CDC",
      "EAI",
      "Inventory Management\n▪\n",
      "Upto 5",
      "Patterns & Solution \nAccelerators\n▪Expertise",
      "MuleSoft Platform",
      "Core Team",
      "Forrester Now Tech Reports",
      "Integration COE",
      "World",
      "EMEA Partner",
      "Integration DevOps Setup\n▪Integration Build & Run\nCloud",
      "EPLM2",
      "IICS",
      "Review, Unit Testing and Resource",
      "Virtual Smart Board",
      "Data & AI Academy",
      "Backlog Health Report",
      "Governance & Execution Timeline",
      "Focus on knowledge",
      "Coding / Testing / Validations",
      "Event Notification & Escalation\nOur Value\nIntegration Competency",
      "Replicate SAP",
      "Supplier Analytics\nProcurement Planning, Indirect",
      "Team Center to Snowflake\nCAPGEMINI",
      "CBS Facilities",
      "Deliver\nGovernance & Ops\nDomain Consultants\nArchitects / Leads\nPOD",
      "Working Capital Insights",
      "SCOPE OF SERVICES",
      "Sourcing Channels\n \nRotation",
      "IDEA",
      "Teams\nBusiness\nFinance",
      "Buddy Program",
      "Capgemini solutions & Accelerators",
      "Migration and Test AI",
      "Innovate\n\nGovernance & \nExecution Timeline",
      "Predictive Asset Management",
      "MVP",
      "PLM - Teamcenter",
      "Industry Centers of Excellence",
      "Capgemini\nTechnology Partners",
      "Working Sessions\nPMO",
      "Dear FirmX Team",
      "Hive to Snowflake",
      "AI \nServices",
      "Start",
      "CBS ERP",
      "Steering Committee",
      "Quantum Computing Systems",
      "Data Quality",
      "Capgemini Snowflake Academy",
      "API Service Offerings\nIntegration Value Add\nIntegration Accelerators",
      "SAP",
      "Improved Quality of Service",
      "Invoice Analysis",
      "The Change Management",
      "Interviews",
      "Streamline Configuration Management",
      "Data Architect",
      "Retail Data Cloud Launch Partner",
      "Governance & Operating Model\nTeam",
      "Requirement",
      "Delivery Partner\n",
      "Illustrative Timeline / Milestones",
      "Innovation Sprints / Ideation Sessions",
      "ADM",
      "Core Integration Framework",
      "Articles & \n",
      "CBS Integrations",
      "CSV",
      "the Product \nOwner",
      "APAC & LATAM\n",
      "Clone 2.0 Accelerator",
      "Industrializing Integration \nDevelopment Leading Practices \n& Standards\nFoundation Framework",
      "Dedicated Flex",
      "IBM ACE \nGoal\nRequirements\nFocus\nTechnology \n",
      "Organizational Models CoE",
      "Discussions\nIdentify Complexity",
      "MM)of",
      "Town",
      "SMART Framework\nSubject Area\n#",
      "API and Service Governance",
      "Optimization & PO Consolidation\n▪Identified",
      "Data Migration of 30000+ Hive    ",
      "Platinum Partner",
      "Service Catalogue",
      "Readiness",
      "AI \nAcademy\nUsing AI & Data",
      "Replicate Salesforce",
      "Operations & \nEngineering\nApplications \n& Technology\nFinancial \nServices\nManufacturing",
      "Geo Satellite Intelligence",
      "Hive/Impala",
      "Spend Management\n1",
      "Snowflake",
      "Continuous Integration & Continuous Delivery",
      "Spend Analytics",
      "Capgemini’s Procurement Analytics Implementations\nCreating Procure",
      "Product and Service Analysis",
      "NPI Process",
      "Enhanced Monitoring",
      "Snowflake, Matillion",
      "Migrate Data Lake",
      "Our Investment",
      "Target",
      "Structured Data",
      "Monthly Review\nFlex\nProduct Owner",
      "Data, Analytics",
      "Scale Data & Analytics",
      "Global Capabilities\n▪Integration Strategy & Assessment\nIntegration Advisory, Strategy & \nRoadmap \nIntegration Maturity & Product \n",
      "Analyse",
      "CAT Engineering",
      "Committed Story",
      "Time and Efforts Management",
      "DevOps / Test Automation",
      "Cost Modeling",
      "Smart Factory &",
      "AI\nData-Powered Innovation\nIndustry",
      "Barclaycard",
      "CAT Dev \nBusiness Requirements",
      "Certifications",
      "Sustainability\nCapgemini Group Introduction & Overview\nCapgemini Group",
      "Techpub",
      "Digital Data Operations",
      "DevOps & Code \nReview Setup\nBaseline Analysis & \n",
      "API",
      "the Data & AI",
      "the End Users",
      "Asset Management/Predictive Maintenance",
      "Integration Centre For Enablement\nSetup",
      "Capgemini’s Confidential Information",
      "RedShift",
      "CBS Integration\nSetup Innovation Advisory\nDemand / Review / Quality",
      "TeamCenter",
      "CoE",
      "Key Assumptions",
      "CBS Integration",
      "DPO",
      "Category Management\nSupplier Life",
      "COSMAS DQ\n▪\nMetadata driven & reusable approach",
      "Realtime",
      "Descriptive & Predictive",
      "APAC Partner",
      "Giant\nInvestment \nBank\nGlobal \nTelevision \nNetwork\nGlobal Payments \nCompany\nConsumer \nGoods \nCompany\nEuropean \nInsurer\nCredit Card \nCompany\nGlobal  \nInsurer\nGlobal \nTelecom \nCompany\nLeading \nEnergy \nCompany\n▪Partnership",
      "Gartner®",
      "Integration Control",
      "Effort Estimation\nAdd",
      "Group",
      "Migration Factory",
      "Implementation of Data-Power Gateway",
      "Industry Associations & Collaborations\nTechnology Partners\nCapgemini Technology Enablement Practices\nInsights & Data Competency\nIntegration Competency\n",
      "IBM",
      "Capgemini Development",
      "Classification",
      "Digital Manufacturing",
      "Postgres",
      "POD - Expand Automation\nPOD - New Modules",
      "Payment Management\nIdentification of Procurement & \nPayment risks\nRisk Management\nCommodity",
      "Transformat",
      "CPQ",
      "VALUE REALIZATION\nEnable",
      "Solar \nTurbines",
      "Flex Team Management",
      "T.EN\nCapgemini Business",
      "Global Partnerships\nIntegration",
      "API reuse & maximise",
      "Ideas",
      "Transformation & Data \nIntegration",
      "Quantum",
      "Intelligent Category Management\nTransform FirmX’s Source",
      "Dedicated \nResource\nReadiness \nAssessment\nAssessment \n▪Skill Assessment and Selection\n▪Alignment to Requirements",
      "Global Integration Strategy",
      "Data Processing"
    ],
    "products": [
      "Apps Planning/Analysis/Design/Build\n▪",
      "Control-M",
      "Advisory Services",
      "Capgemini Offshore Delivery Centers",
      "Credit",
      "Capgemini Change Management Program",
      "Capgemini America, Inc.",
      "Global Force\nPartnership",
      "SnapLogic",
      "Capgemini Practice",
      "Onshore Team\nProximity",
      "Estimation, Design, Coding,",
      "Digital Inclusion",
      "Delivery Service Providers",
      "Single Source of Truth",
      "Smart",
      "Demand / Capacity Management",
      "Discovery",
      "Data & AI",
      "Building Data Lake",
      "Supplier Performance Management",
      "Alliance Partner",
      "CAT Digital",
      "IBM Positioned",
      "Data-Power",
      "Implementation of Agile/DevOps",
      "Data Engineers",
      "S3",
      "Capgemini Research Institute",
      "Core Team\nQtrs",
      "Automotive & \nLifesciences\nConsumer \nGoods & \nRetail\nPublic \nSector\nEnergy  & \nUtilities\nTelco",
      "Snaplogic",
      "Reseller",
      "Integration Maturity Model\nIntegration Factory",
      "WE ARE ARCHITECTS OF POSITIVE FUTURES\nDiversity & Inclusion",
      "Available Pool\nExternal Hires",
      "Network",
      "PROcure",
      "CAT Engineering\nOur Relationship in Action\nCapgemini Values \nOur Relationship\n",
      "the Capgemini Group",
      "IDC",
      "Data Validation",
      "Project\nKey Success",
      "Product Owners &",
      "& Alignment\nSprint Delivery\nAdvisory Function",
      "Award",
      "Microsoft",
      "Capgemini Research Institute \nRanked",
      "AI",
      "Target Database",
      "Sprint",
      "Retrospect Sprint Meeting",
      "Accurate",
      "PO & \nInvoice",
      "Delivering Data",
      "AI, Analytics & Data",
      "Innovation & \n",
      "Leading Energy Company",
      "Oversee",
      "Contract Management",
      "Hadoop",
      "ADM Backlog",
      "Offshore Team\nCapgemini Team",
      "Sustainability Data \nPlatform",
      "Business Automation, Intelligent Asset Management",
      "Commodity Classification",
      "the \nData & AI",
      "ERP",
      "Standardized Sprint",
      "Data Migration",
      "Deployed",
      "PI \nPlanning\nResource",
      "Develop Transparency \n& Confidence\nONGOING COMMUNICATION",
      "Incident",
      "Establish Sourcing",
      "Change & Demand \nManagement",
      "Status / Risk / Communication",
      "Migrate Tables/Views",
      "Global Snowflake",
      "Capgemini Insights & Data",
      "FIRMX & CAPGEMINI\nSTACIE CRISP\nBusiness Development Exec\nCapgemini  MALS-",
      "Capgemini America",
      "Cat",
      "Parameter Management",
      "Lead - Snowflake",
      "Business Value\n▪Process Re-design",
      "Self- \nService Knowledge",
      "& Contract Analytics\nSourcing Management\nKPI’s",
      "Increment",
      "Global Microservices Strategy",
      "Finalize Design & Scope\nFlex Team",
      "GROUP",
      "ChainSys Data Zap",
      "Architecture",
      "Release Management",
      "Everest Group’s",
      "Global Awareness Sessions",
      "the FirmX Resource Group",
      "Our Partnership & Value Proposition to Address",
      "DQOps",
      "Performance, Relationship, Contracting, Quarterly Forecast",
      "MuleSoft",
      "Digital",
      "CIF",
      "ICW Fixes",
      "IBM ACE",
      "Ikea",
      "Cross Reference/Data Enrichment Services",
      "Define Success \nMetrics & Quick \nWins\nDeliverables\nLaunch\n\n",
      "Optimization\n▪Business Adoption",
      "SMART",
      "CAT FSG",
      "Model",
      "ETHICS",
      "CPU & Memory",
      "Oracle Fusion",
      "CAT",
      "ETL",
      "Innovation Function",
      "Identified",
      "Media                   \n& Technology\nServices",
      "Develop Work Products and Features",
      "Procure Development \nResources",
      "Global Snowflake Practice",
      "CxO",
      "Compelling Client Value\n",
      "Delivery Services",
      "Procure Development Resources",
      "Monitoring & Automated Alerts\n▪Value Add",
      "The Confidential Information",
      "Establish Program",
      "Operational Procurement\nEnterprise Procurement\nIntelligent Procurement\nCognitive Procurement\nEffective",
      "Smart Procurement Management",
      "Solar Digital",
      "Confidential Information",
      "Process Analysis",
      "Intelligent Products\nDesign &\nEngineering \nIntelligent \nOperations\n",
      "Insights & Data",
      "Data Driven",
      "Cross-Program Synergies & Cost Savings",
      "PLM",
      "the Enterprise Procurement Data Platform (EPDP",
      "Data",
      "CBS",
      "Matillion/Snowflake",
      "Data Alignment",
      "KPI",
      "Fuzzy, Levenshtein",
      "CORE Team\nFlex Team",
      "DevOps",
      "Draft Governance & RACI",
      "Complete MDM Rollout",
      "Test Coordinator",
      "CDC",
      "EAI",
      "Inventory Management\n▪\n",
      "Upto 5",
      "Patterns & Solution \nAccelerators\n▪Expertise",
      "MuleSoft Platform",
      "Core Team",
      "Forrester Now Tech Reports",
      "Integration COE",
      "World",
      "EMEA Partner",
      "Integration DevOps Setup\n▪Integration Build & Run\nCloud",
      "EPLM2",
      "IICS",
      "Review, Unit Testing and Resource",
      "Virtual Smart Board",
      "Data & AI Academy",
      "Backlog Health Report",
      "Governance & Execution Timeline",
      "Focus on knowledge",
      "Coding / Testing / Validations",
      "Event Notification & Escalation\nOur Value\nIntegration Competency",
      "Replicate SAP",
      "Supplier Analytics\nProcurement Planning, Indirect",
      "Team Center to Snowflake\nCAPGEMINI",
      "CBS Facilities",
      "Deliver\nGovernance & Ops\nDomain Consultants\nArchitects / Leads\nPOD",
      "Working Capital Insights",
      "SCOPE OF SERVICES",
      "Sourcing Channels\n \nRotation",
      "IDEA",
      "Teams\nBusiness\nFinance",
      "Buddy Program",
      "Capgemini solutions & Accelerators",
      "Migration and Test AI",
      "Innovate\n\nGovernance & \nExecution Timeline",
      "Predictive Asset Management",
      "MVP",
      "PLM - Teamcenter",
      "Industry Centers of Excellence",
      "Capgemini\nTechnology Partners",
      "Working Sessions\nPMO",
      "Dear FirmX Team",
      "Hive to Snowflake",
      "AI \nServices",
      "Start",
      "CBS ERP",
      "Steering Committee",
      "Quantum Computing Systems",
      "Data Quality",
      "Capgemini Snowflake Academy",
      "API Service Offerings\nIntegration Value Add\nIntegration Accelerators",
      "SAP",
      "Improved Quality of Service",
      "Invoice Analysis",
      "The Change Management",
      "Interviews",
      "Streamline Configuration Management",
      "Data Architect",
      "Retail Data Cloud Launch Partner",
      "Governance & Operating Model\nTeam",
      "Requirement",
      "Delivery Partner\n",
      "Illustrative Timeline / Milestones",
      "Innovation Sprints / Ideation Sessions",
      "ADM",
      "Core Integration Framework",
      "Articles & \n",
      "CBS Integrations",
      "CSV",
      "the Product \nOwner",
      "APAC & LATAM\n",
      "Clone 2.0 Accelerator",
      "Industrializing Integration \nDevelopment Leading Practices \n& Standards\nFoundation Framework",
      "Dedicated Flex",
      "IBM ACE \nGoal\nRequirements\nFocus\nTechnology \n",
      "Organizational Models CoE",
      "Discussions\nIdentify Complexity",
      "MM)of",
      "Town",
      "SMART Framework\nSubject Area\n#",
      "API and Service Governance",
      "Optimization & PO Consolidation\n▪Identified",
      "Data Migration of 30000+ Hive    ",
      "Platinum Partner",
      "Service Catalogue",
      "Readiness",
      "AI \nAcademy\nUsing AI & Data",
      "Replicate Salesforce",
      "Operations & \nEngineering\nApplications \n& Technology\nFinancial \nServices\nManufacturing",
      "Geo Satellite Intelligence",
      "Hive/Impala",
      "Spend Management\n1",
      "Snowflake",
      "Continuous Integration & Continuous Delivery",
      "Spend Analytics",
      "Capgemini’s Procurement Analytics Implementations\nCreating Procure",
      "Product and Service Analysis",
      "NPI Process",
      "Enhanced Monitoring",
      "Snowflake, Matillion",
      "Migrate Data Lake",
      "Our Investment",
      "Target",
      "Structured Data",
      "Monthly Review\nFlex\nProduct Owner",
      "Data, Analytics",
      "Scale Data & Analytics",
      "Global Capabilities\n▪Integration Strategy & Assessment\nIntegration Advisory, Strategy & \nRoadmap \nIntegration Maturity & Product \n",
      "Analyse",
      "CAT Engineering",
      "Committed Story",
      "Time and Efforts Management",
      "DevOps / Test Automation",
      "Cost Modeling",
      "Smart Factory &",
      "AI\nData-Powered Innovation\nIndustry",
      "Barclaycard",
      "CAT Dev \nBusiness Requirements",
      "Certifications",
      "Sustainability\nCapgemini Group Introduction & Overview\nCapgemini Group",
      "Techpub",
      "Digital Data Operations",
      "DevOps & Code \nReview Setup\nBaseline Analysis & \n",
      "API",
      "the Data & AI",
      "the End Users",
      "Asset Management/Predictive Maintenance",
      "Integration Centre For Enablement\nSetup",
      "Capgemini’s Confidential Information",
      "RedShift",
      "CBS Integration\nSetup Innovation Advisory\nDemand / Review / Quality",
      "TeamCenter",
      "CoE",
      "Key Assumptions",
      "CBS Integration",
      "DPO",
      "Category Management\nSupplier Life",
      "COSMAS DQ\n▪\nMetadata driven & reusable approach",
      "Realtime",
      "Descriptive & Predictive",
      "APAC Partner",
      "Giant\nInvestment \nBank\nGlobal \nTelevision \nNetwork\nGlobal Payments \nCompany\nConsumer \nGoods \nCompany\nEuropean \nInsurer\nCredit Card \nCompany\nGlobal  \nInsurer\nGlobal \nTelecom \nCompany\nLeading \nEnergy \nCompany\n▪Partnership",
      "Gartner®",
      "Integration Control",
      "Effort Estimation\nAdd",
      "Group",
      "Migration Factory",
      "Implementation of Data-Power Gateway",
      "Industry Associations & Collaborations\nTechnology Partners\nCapgemini Technology Enablement Practices\nInsights & Data Competency\nIntegration Competency\n",
      "IBM",
      "Capgemini Development",
      "Classification",
      "Digital Manufacturing",
      "Postgres",
      "POD - Expand Automation\nPOD - New Modules",
      "Payment Management\nIdentification of Procurement & \nPayment risks\nRisk Management\nCommodity",
      "Transformat",
      "CPQ",
      "VALUE REALIZATION\nEnable",
      "Solar \nTurbines",
      "Flex Team Management",
      "T.EN\nCapgemini Business",
      "Global Partnerships\nIntegration",
      "API reuse & maximise",
      "Ideas",
      "Transformation & Data \nIntegration",
      "Quantum",
      "Intelligent Category Management\nTransform FirmX’s Source",
      "Dedicated \nResource\nReadiness \nAssessment\nAssessment \n▪Skill Assessment and Selection\n▪Alignment to Requirements",
      "Global Integration Strategy",
      "Data Processing"
    ],
    "technologies": [
      "Azure"
    ],
    "partners": [
      "Apps Planning/Analysis/Design/Build\n▪",
      "Control-M",
      "Advisory Services",
      "Capgemini Offshore Delivery Centers",
      "Credit",
      "Capgemini Change Management Program",
      "Capgemini America, Inc.",
      "Global Force\nPartnership",
      "SnapLogic",
      "Capgemini Practice",
      "Onshore Team\nProximity",
      "Estimation, Design, Coding,",
      "Digital Inclusion",
      "Delivery Service Providers",
      "Single Source of Truth",
      "Smart",
      "Demand / Capacity Management",
      "Discovery",
      "Data & AI",
      "Building Data Lake",
      "Supplier Performance Management",
      "Alliance Partner",
      "CAT Digital",
      "IBM Positioned",
      "Data-Power",
      "Implementation of Agile/DevOps",
      "Data Engineers",
      "S3",
      "Capgemini Research Institute",
      "Core Team\nQtrs",
      "Automotive & \nLifesciences\nConsumer \nGoods & \nRetail\nPublic \nSector\nEnergy  & \nUtilities\nTelco",
      "Snaplogic",
      "Reseller",
      "Integration Maturity Model\nIntegration Factory",
      "WE ARE ARCHITECTS OF POSITIVE FUTURES\nDiversity & Inclusion",
      "Available Pool\nExternal Hires",
      "Network",
      "PROcure",
      "CAT Engineering\nOur Relationship in Action\nCapgemini Values \nOur Relationship\n",
      "the Capgemini Group",
      "IDC",
      "Data Validation",
      "Project\nKey Success",
      "Product Owners &",
      "& Alignment\nSprint Delivery\nAdvisory Function",
      "Award",
      "Microsoft",
      "Capgemini Research Institute \nRanked",
      "AI",
      "Target Database",
      "Sprint",
      "Retrospect Sprint Meeting",
      "Accurate",
      "PO & \nInvoice",
      "Delivering Data",
      "AI, Analytics & Data",
      "Innovation & \n",
      "Leading Energy Company",
      "Oversee",
      "Contract Management",
      "Hadoop",
      "ADM Backlog",
      "Offshore Team\nCapgemini Team",
      "Sustainability Data \nPlatform",
      "Business Automation, Intelligent Asset Management",
      "Commodity Classification",
      "the \nData & AI",
      "ERP",
      "Standardized Sprint",
      "Data Migration",
      "Deployed",
      "PI \nPlanning\nResource",
      "Develop Transparency \n& Confidence\nONGOING COMMUNICATION",
      "Incident",
      "Establish Sourcing",
      "Change & Demand \nManagement",
      "Status / Risk / Communication",
      "Migrate Tables/Views",
      "Global Snowflake",
      "Capgemini Insights & Data",
      "FIRMX & CAPGEMINI\nSTACIE CRISP\nBusiness Development Exec\nCapgemini  MALS-",
      "Capgemini America",
      "Cat",
      "Parameter Management",
      "Lead - Snowflake",
      "Business Value\n▪Process Re-design",
      "Self- \nService Knowledge",
      "& Contract Analytics\nSourcing Management\nKPI’s",
      "Increment",
      "Global Microservices Strategy",
      "Finalize Design & Scope\nFlex Team",
      "GROUP",
      "ChainSys Data Zap",
      "Architecture",
      "Release Management",
      "Everest Group’s",
      "Global Awareness Sessions",
      "the FirmX Resource Group",
      "Our Partnership & Value Proposition to Address",
      "DQOps",
      "Performance, Relationship, Contracting, Quarterly Forecast",
      "MuleSoft",
      "Digital",
      "CIF",
      "ICW Fixes",
      "IBM ACE",
      "Ikea",
      "Cross Reference/Data Enrichment Services",
      "Define Success \nMetrics & Quick \nWins\nDeliverables\nLaunch\n\n",
      "Optimization\n▪Business Adoption",
      "SMART",
      "CAT FSG",
      "Model",
      "ETHICS",
      "CPU & Memory",
      "Oracle Fusion",
      "CAT",
      "ETL",
      "Innovation Function",
      "Identified",
      "Media                   \n& Technology\nServices",
      "Develop Work Products and Features",
      "Procure Development \nResources",
      "Global Snowflake Practice",
      "CxO",
      "Compelling Client Value\n",
      "Delivery Services",
      "Procure Development Resources",
      "Monitoring & Automated Alerts\n▪Value Add",
      "The Confidential Information",
      "Establish Program",
      "Operational Procurement\nEnterprise Procurement\nIntelligent Procurement\nCognitive Procurement\nEffective",
      "Smart Procurement Management",
      "Solar Digital",
      "Confidential Information",
      "Process Analysis",
      "Intelligent Products\nDesign &\nEngineering \nIntelligent \nOperations\n",
      "Insights & Data",
      "Data Driven",
      "Cross-Program Synergies & Cost Savings",
      "PLM",
      "the Enterprise Procurement Data Platform (EPDP",
      "Data",
      "CBS",
      "Matillion/Snowflake",
      "Data Alignment",
      "KPI",
      "Fuzzy, Levenshtein",
      "CORE Team\nFlex Team",
      "DevOps",
      "Draft Governance & RACI",
      "Complete MDM Rollout",
      "Test Coordinator",
      "CDC",
      "EAI",
      "Inventory Management\n▪\n",
      "Upto 5",
      "Patterns & Solution \nAccelerators\n▪Expertise",
      "MuleSoft Platform",
      "Core Team",
      "Forrester Now Tech Reports",
      "Integration COE",
      "World",
      "EMEA Partner",
      "Integration DevOps Setup\n▪Integration Build & Run\nCloud",
      "EPLM2",
      "IICS",
      "Review, Unit Testing and Resource",
      "Virtual Smart Board",
      "Data & AI Academy",
      "Backlog Health Report",
      "Governance & Execution Timeline",
      "Focus on knowledge",
      "Coding / Testing / Validations",
      "Event Notification & Escalation\nOur Value\nIntegration Competency",
      "Replicate SAP",
      "Supplier Analytics\nProcurement Planning, Indirect",
      "Team Center to Snowflake\nCAPGEMINI",
      "CBS Facilities",
      "Deliver\nGovernance & Ops\nDomain Consultants\nArchitects / Leads\nPOD",
      "Working Capital Insights",
      "SCOPE OF SERVICES",
      "Sourcing Channels\n \nRotation",
      "IDEA",
      "Teams\nBusiness\nFinance",
      "Buddy Program",
      "Capgemini solutions & Accelerators",
      "Migration and Test AI",
      "Innovate\n\nGovernance & \nExecution Timeline",
      "Predictive Asset Management",
      "MVP",
      "PLM - Teamcenter",
      "Industry Centers of Excellence",
      "Capgemini\nTechnology Partners",
      "Working Sessions\nPMO",
      "Dear FirmX Team",
      "Hive to Snowflake",
      "AI \nServices",
      "Start",
      "CBS ERP",
      "Steering Committee",
      "Quantum Computing Systems",
      "Data Quality",
      "Capgemini Snowflake Academy",
      "API Service Offerings\nIntegration Value Add\nIntegration Accelerators",
      "SAP",
      "Improved Quality of Service",
      "Invoice Analysis",
      "The Change Management",
      "Interviews",
      "Streamline Configuration Management",
      "Data Architect",
      "Retail Data Cloud Launch Partner",
      "Governance & Operating Model\nTeam",
      "Requirement",
      "Delivery Partner\n",
      "Illustrative Timeline / Milestones",
      "Innovation Sprints / Ideation Sessions",
      "ADM",
      "Core Integration Framework",
      "Articles & \n",
      "CBS Integrations",
      "CSV",
      "the Product \nOwner",
      "APAC & LATAM\n",
      "Clone 2.0 Accelerator",
      "Industrializing Integration \nDevelopment Leading Practices \n& Standards\nFoundation Framework",
      "Dedicated Flex",
      "IBM ACE \nGoal\nRequirements\nFocus\nTechnology \n",
      "Organizational Models CoE",
      "Discussions\nIdentify Complexity",
      "MM)of",
      "Town",
      "SMART Framework\nSubject Area\n#",
      "API and Service Governance",
      "Optimization & PO Consolidation\n▪Identified",
      "Data Migration of 30000+ Hive    ",
      "Platinum Partner",
      "Service Catalogue",
      "Readiness",
      "AI \nAcademy\nUsing AI & Data",
      "Replicate Salesforce",
      "Operations & \nEngineering\nApplications \n& Technology\nFinancial \nServices\nManufacturing",
      "Geo Satellite Intelligence",
      "Hive/Impala",
      "Spend Management\n1",
      "Snowflake",
      "Continuous Integration & Continuous Delivery",
      "Spend Analytics",
      "Capgemini’s Procurement Analytics Implementations\nCreating Procure",
      "Product and Service Analysis",
      "NPI Process",
      "Enhanced Monitoring",
      "Snowflake, Matillion",
      "Migrate Data Lake",
      "Our Investment",
      "Target",
      "Structured Data",
      "Monthly Review\nFlex\nProduct Owner",
      "Data, Analytics",
      "Scale Data & Analytics",
      "Global Capabilities\n▪Integration Strategy & Assessment\nIntegration Advisory, Strategy & \nRoadmap \nIntegration Maturity & Product \n",
      "Analyse",
      "CAT Engineering",
      "Committed Story",
      "Time and Efforts Management",
      "DevOps / Test Automation",
      "Cost Modeling",
      "Smart Factory &",
      "AI\nData-Powered Innovation\nIndustry",
      "Barclaycard",
      "CAT Dev \nBusiness Requirements",
      "Certifications",
      "Sustainability\nCapgemini Group Introduction & Overview\nCapgemini Group",
      "Techpub",
      "Digital Data Operations",
      "DevOps & Code \nReview Setup\nBaseline Analysis & \n",
      "API",
      "the Data & AI",
      "the End Users",
      "Asset Management/Predictive Maintenance",
      "Integration Centre For Enablement\nSetup",
      "Capgemini’s Confidential Information",
      "RedShift",
      "CBS Integration\nSetup Innovation Advisory\nDemand / Review / Quality",
      "TeamCenter",
      "CoE",
      "Key Assumptions",
      "CBS Integration",
      "DPO",
      "Category Management\nSupplier Life",
      "COSMAS DQ\n▪\nMetadata driven & reusable approach",
      "Realtime",
      "Descriptive & Predictive",
      "APAC Partner",
      "Giant\nInvestment \nBank\nGlobal \nTelevision \nNetwork\nGlobal Payments \nCompany\nConsumer \nGoods \nCompany\nEuropean \nInsurer\nCredit Card \nCompany\nGlobal  \nInsurer\nGlobal \nTelecom \nCompany\nLeading \nEnergy \nCompany\n▪Partnership",
      "Gartner®",
      "Integration Control",
      "Effort Estimation\nAdd",
      "Group",
      "Migration Factory",
      "Implementation of Data-Power Gateway",
      "Industry Associations & Collaborations\nTechnology Partners\nCapgemini Technology Enablement Practices\nInsights & Data Competency\nIntegration Competency\n",
      "IBM",
      "Capgemini Development",
      "Classification",
      "Digital Manufacturing",
      "Postgres",
      "POD - Expand Automation\nPOD - New Modules",
      "Payment Management\nIdentification of Procurement & \nPayment risks\nRisk Management\nCommodity",
      "Transformat",
      "CPQ",
      "VALUE REALIZATION\nEnable",
      "Solar \nTurbines",
      "Flex Team Management",
      "T.EN\nCapgemini Business",
      "Global Partnerships\nIntegration",
      "API reuse & maximise",
      "Ideas",
      "Transformation & Data \nIntegration",
      "Quantum",
      "Intelligent Category Management\nTransform FirmX’s Source",
      "Dedicated \nResource\nReadiness \nAssessment\nAssessment \n▪Skill Assessment and Selection\n▪Alignment to Requirements",
      "Global Integration Strategy",
      "Data Processing"
    ]
  },
  "extraction_time_sec": 5.373
}